pdt_new_id,spt_new_id
1758.0,2
1758.0,1
1758.0,4
1758.0,5
1758.0,3
1758.0,0
140.0,11
140.0,12
140.0,13
140.0,14
140.0,15
140.0,16
140.0,17
140.0,18
140.0,19
639.0,27
629.0,10
80.0,59
80.0,60
80.0,61
138.0,60
138.0,61
138.0,59
870.0,23
870.0,58
870.0,10
870.0,62
870.0,24
870.0,25
870.0,26
870.0,17
1522.0,18
1522.0,5
1522.0,15
1522.0,19
456.0,58
2645.0,66
2645.0,67
2645.0,68
2645.0,11
2645.0,69
1124.0,36
489.0,71
697.0,5
2244.0,17
1820.0,12
1431.0,58
2469.0,52
2469.0,53
2469.0,48
2469.0,49
2511.0,92
2822.0,58
2822.0,17
1716.0,55
2420.0,17
1163.0,17
2569.0,36
1854.0,3
1854.0,1
1854.0,0
1854.0,5
1854.0,2
1854.0,4
156.0,10
784.0,4
784.0,5
784.0,3
784.0,1
784.0,0
784.0,2
2404.0,52
2404.0,47
2404.0,40
2492.0,2
2492.0,1
2492.0,4
2492.0,3
2292.0,2
2292.0,1
2292.0,4
2292.0,3
1947.0,64
1698.0,27
2713.0,92
2774.0,16
895.0,61
2389.0,17
790.0,36
790.0,36
1674.0,55
1674.0,94
2180.0,36
2180.0,14
2201.0,2
1646.0,55
795.0,61
795.0,60
795.0,100
795.0,59
2309.0,61
2309.0,58
522.0,99
1982.0,2
910.0,101
2808.0,99
2177.0,17
826.0,101
826.0,99
2498.0,17
538.0,17
2534.0,5
2124.0,17
2620.0,67
2620.0,69
2620.0,66
2620.0,68
1648.0,2
1648.0,4
2196.0,47
2196.0,52
2196.0,40
277.0,99
277.0,103
277.0,106
277.0,70
392.0,92
684.0,3
684.0,2
684.0,4
1177.0,58
230.0,29
230.0,14
1632.0,17
1957.0,106
1105.0,45
1105.0,51
1105.0,43
1105.0,52
1105.0,44
1105.0,50
1105.0,53
1105.0,42
1105.0,49
1105.0,46
1105.0,40
1105.0,39
1257.0,95
1257.0,55
1257.0,94
978.0,94
978.0,95
978.0,55
1642.0,93
1491.0,106
919.0,28
919.0,14
919.0,95
919.0,38
919.0,94
919.0,30
919.0,55
919.0,36
919.0,35
919.0,32
919.0,31
919.0,34
919.0,102
919.0,37
919.0,33
1544.0,107
1544.0,63
630.0,58
2533.0,61
1494.0,94
1494.0,55
597.0,17
2293.0,3
774.0,99
1638.0,55
1871.0,4
1871.0,2
1871.0,0
1871.0,1
1871.0,3
2657.0,30
2548.0,70
836.0,17
2223.0,92
626.0,7
626.0,8
626.0,9
528.0,14
528.0,58
528.0,55
528.0,94
528.0,95
1954.0,2
1954.0,1
1954.0,3
114.0,17
114.0,58
1622.0,71
1622.0,106
173.0,67
173.0,11
173.0,96
173.0,13
173.0,12
173.0,97
173.0,16
173.0,68
173.0,69
173.0,27
956.0,71
956.0,106
1978.0,1
1978.0,4
1991.0,108
690.0,103
2368.0,12
441.0,59
441.0,60
441.0,100
441.0,61
1980.0,1
1980.0,4
2104.0,67
2104.0,68
2104.0,66
2104.0,66
2104.0,67
2104.0,69
2104.0,68
2104.0,69
1467.0,68
1467.0,67
1467.0,69
1467.0,66
2723.0,67
2723.0,66
2723.0,69
2723.0,68
2816.0,103
1596.0,17
1609.0,75
1609.0,74
2075.0,17
130.0,17
1044.0,94
1044.0,55
1044.0,95
2576.0,70
2198.0,1
111.0,17
622.0,55
622.0,95
622.0,94
1286.0,92
1733.0,61
2323.0,17
268.0,103
2711.0,17
2711.0,17
758.0,17
350.0,99
2618.0,17
1647.0,99
2097.0,107
2656.0,17
1887.0,5
2470.0,61
2769.0,17
1801.0,63
1801.0,24
1801.0,23
1801.0,25
1801.0,26
1466.0,4
1466.0,5
1466.0,1
1466.0,3
1466.0,0
1466.0,2
2072.0,65
616.0,80
616.0,107
616.0,100
616.0,63
616.0,5
616.0,110
2782.0,8
2782.0,7
2782.0,8
2782.0,9
2782.0,7
2782.0,9
632.0,55
632.0,95
632.0,94
2184.0,1
2184.0,3
2184.0,2
52.0,12
52.0,13
2392.0,109
1678.0,61
1593.0,1
2210.0,69
2210.0,67
2210.0,68
2844.0,69
2844.0,68
2844.0,67
2844.0,66
2126.0,5
853.0,99
2035.0,45
2134.0,56
487.0,36
638.0,48
333.0,5
1858.0,2
1858.0,0
1858.0,4
1858.0,1
1858.0,3
307.0,61
1461.0,17
644.0,58
2650.0,17
2650.0,17
2834.0,17
2686.0,69
2686.0,66
2686.0,98
2686.0,96
2686.0,67
2686.0,68
2686.0,97
754.0,55
2211.0,101
2211.0,99
1874.0,68
1874.0,66
390.0,61
390.0,100
468.0,3
468.0,2
468.0,1
468.0,5
468.0,0
2706.0,23
2706.0,24
2706.0,26
2706.0,25
367.0,55
367.0,22
4.0,70
440.0,17
172.0,24
172.0,26
172.0,25
172.0,23
2179.0,17
452.0,36
452.0,32
452.0,31
452.0,38
452.0,34
452.0,35
452.0,33
452.0,37
452.0,28
452.0,30
452.0,14
2725.0,111
147.0,3
1739.0,30
1354.0,69
1354.0,66
1354.0,67
1354.0,68
260.0,95
260.0,55
260.0,94
1486.0,28
1486.0,37
1486.0,38
1486.0,35
1486.0,31
1486.0,34
1486.0,36
1486.0,29
1486.0,32
1486.0,33
1486.0,30
1266.0,19
1266.0,15
1266.0,107
1266.0,63
1266.0,80
1266.0,18
1266.0,5
1266.0,110
415.0,17
1816.0,107
1816.0,63
1816.0,5
2699.0,16
1859.0,63
1859.0,107
2573.0,73
2573.0,91
2573.0,6
2573.0,84
2573.0,76
2573.0,38
2573.0,88
2573.0,29
2573.0,89
2573.0,82
2573.0,79
2573.0,33
2573.0,35
2573.0,30
2573.0,19
2573.0,81
2573.0,34
2573.0,86
2573.0,85
2573.0,37
2573.0,90
2573.0,18
2573.0,77
2573.0,32
2573.0,31
2573.0,87
2573.0,36
2573.0,78
2573.0,72
2573.0,28
2573.0,83
2573.0,80
2573.0,63
2573.0,15
1553.0,17
663.0,17
313.0,71
2738.0,60
1330.0,55
1330.0,17
904.0,70
2676.0,23
1874.0,67
1874.0,69
2714.0,25
2259.0,5
2259.0,15
2512.0,110
2512.0,5
2512.0,63
2512.0,107
2357.0,60
2357.0,61
2357.0,59
357.0,60
357.0,61
357.0,100
336.0,40
336.0,47
336.0,52
1156.0,111
2756.0,17
2063.0,9
2063.0,8
2063.0,7
26.0,74
26.0,75
723.0,63
723.0,5
165.0,110
165.0,80
165.0,63
165.0,107
165.0,100
165.0,5
2337.0,92
1265.0,67
1265.0,69
1265.0,66
1265.0,68
398.0,61
2457.0,30
2263.0,27
1117.0,95
1117.0,55
1117.0,94
537.0,17
578.0,17
2849.0,110
2849.0,15
2849.0,19
2849.0,18
1651.0,55
1651.0,95
1651.0,94
1768.0,17
224.0,17
2418.0,99
115.0,9
115.0,7
115.0,8
2157.0,48
2157.0,53
2157.0,49
2157.0,52
2590.0,36
1939.0,6
1939.0,72
1939.0,73
515.0,30
515.0,28
515.0,33
515.0,37
515.0,29
515.0,86
515.0,31
515.0,34
515.0,32
515.0,35
515.0,36
515.0,38
2283.0,2
364.0,70
1084.0,55
1714.0,70
1457.0,70
2615.0,110
2615.0,107
2615.0,5
2615.0,63
2615.0,19
2615.0,18
2615.0,9
2615.0,15
2615.0,8
2615.0,7
2375.0,92
1873.0,2
1873.0,1
1873.0,4
1873.0,3
1873.0,0
1873.0,5
590.0,58
2651.0,52
620.0,17
2778.0,17
2778.0,58
1949.0,110
1949.0,5
693.0,5
1412.0,93
1644.0,25
572.0,2
976.0,55
976.0,95
976.0,94
294.0,65
294.0,56
294.0,64
2556.0,14
2556.0,17
1764.0,63
1764.0,5
1764.0,110
1614.0,14
1614.0,34
1614.0,36
2600.0,52
267.0,54
2203.0,3
2203.0,1
2203.0,4
2203.0,0
2203.0,2
2203.0,5
2755.0,1
2755.0,4
2755.0,5
2755.0,2
2755.0,0
2755.0,3
2412.0,1
2412.0,4
293.0,68
293.0,69
293.0,11
293.0,67
2329.0,11
2329.0,16
2329.0,97
2329.0,67
2329.0,69
2329.0,96
2329.0,68
1472.0,99
1472.0,106
339.0,58
339.0,17
339.0,14
66.0,58
66.0,17
646.0,32
646.0,34
646.0,36
646.0,37
646.0,33
646.0,35
646.0,14
646.0,38
646.0,28
646.0,29
646.0,31
646.0,30
787.0,17
751.0,17
2010.0,30
1440.0,61
1440.0,100
213.0,17
2830.0,56
2356.0,65
225.0,17
2654.0,68
2654.0,67
2654.0,69
2654.0,11
2248.0,17
376.0,1
376.0,3
376.0,2
1993.0,67
1993.0,66
1993.0,69
1993.0,68
1107.0,116
459.0,93
965.0,103
1564.0,61
2731.0,5
580.0,17
2393.0,65
2393.0,0
2393.0,56
2393.0,1
2393.0,4
2393.0,64
65.0,64
1592.0,36
2285.0,17
838.0,17
1288.0,94
1288.0,95
1288.0,55
1654.0,17
1654.0,58
1866.0,6
631.0,106
631.0,101
631.0,99
631.0,103
631.0,70
351.0,6
351.0,8
351.0,7
351.0,9
486.0,17
384.0,107
384.0,63
384.0,110
384.0,15
384.0,5
431.0,0
431.0,3
1415.0,5
914.0,27
1329.0,6
1902.0,6
1281.0,67
1281.0,69
1281.0,11
1281.0,68
2230.0,4
2230.0,2
2230.0,1
2230.0,3
2821.0,63
2821.0,5
2821.0,110
2821.0,107
2630.0,52
1033.0,60
1519.0,92
2145.0,5
716.0,55
1668.0,63
1668.0,107
1668.0,5
1668.0,110
1221.0,17
1796.0,58
609.0,17
1078.0,17
2146.0,99
1853.0,2
242.0,17
883.0,7
1211.0,58
2602.0,3
2602.0,2
1855.0,74
395.0,17
1514.0,57
878.0,99
2839.0,5
2009.0,29
1742.0,45
2622.0,5
1984.0,5
1984.0,107
1984.0,63
1984.0,110
594.0,10
594.0,10
2136.0,2
2136.0,1
2136.0,5
2136.0,3
2136.0,0
2136.0,4
1309.0,101
1309.0,99
924.0,92
2868.0,17
1232.0,99
957.0,99
272.0,99
1154.0,45
1154.0,42
1154.0,40
1154.0,46
1154.0,52
1154.0,53
1154.0,39
1154.0,48
1154.0,44
1154.0,49
1154.0,43
1154.0,50
322.0,14
322.0,36
1140.0,70
1613.0,41
1613.0,45
1613.0,52
1613.0,44
1613.0,47
1613.0,40
1613.0,48
1613.0,46
1613.0,42
1613.0,53
1613.0,39
1613.0,49
1613.0,51
1613.0,50
462.0,11
462.0,26
462.0,17
462.0,24
462.0,22
462.0,10
462.0,58
462.0,16
462.0,23
462.0,12
462.0,117
561.0,60
561.0,61
561.0,59
2814.0,1
1325.0,58
2385.0,17
2410.0,68
2410.0,67
2410.0,69
2410.0,66
2140.0,3
2140.0,2
2140.0,1
2140.0,4
308.0,14
2456.0,17
715.0,58
1186.0,17
1556.0,94
1556.0,55
1556.0,95
284.0,100
284.0,61
1567.0,28
2638.0,12
191.0,17
2853.0,10
389.0,107
389.0,5
389.0,63
2675.0,11
2675.0,12
2675.0,13
2675.0,16
2280.0,17
1369.0,7
2277.0,2
7.0,3
7.0,4
7.0,2
7.0,1
804.0,55
323.0,61
2472.0,69
2472.0,67
2472.0,68
2472.0,66
2878.0,101
1173.0,58
1919.0,5
1919.0,63
1919.0,19
1919.0,110
1919.0,107
1919.0,15
1919.0,18
2554.0,17
2685.0,99
2639.0,17
2598.0,17
1706.0,99
1094.0,58
1441.0,58
1620.0,17
1620.0,58
194.0,38
194.0,28
194.0,33
194.0,37
194.0,35
194.0,31
194.0,30
194.0,29
194.0,34
194.0,32
194.0,36
1680.0,58
2555.0,58
2355.0,26
2607.0,3
2607.0,3
2607.0,1
2607.0,1
2607.0,4
2607.0,4
308.0,58
585.0,17
1734.0,100
1734.0,59
1734.0,60
1734.0,100
1734.0,61
1734.0,59
1734.0,60
1734.0,61
833.0,58
1417.0,5
1417.0,80
1417.0,63
1417.0,15
1417.0,107
1417.0,19
1417.0,110
1417.0,18
1417.0,100
1551.0,5
1283.0,55
334.0,95
334.0,55
334.0,94
2101.0,3
2101.0,3
1299.0,67
1299.0,69
1299.0,68
1299.0,66
97.0,0
97.0,2
97.0,4
97.0,3
97.0,1
446.0,63
446.0,107
76.0,20
85.0,61
85.0,100
1540.0,110
1341.0,54
1341.0,75
1403.0,5
211.0,5
1948.0,5
2326.0,29
1445.0,101
481.0,70
1847.0,71
1847.0,106
445.0,58
2797.0,30
2524.0,103
2169.0,17
955.0,102
2819.0,69
2819.0,68
2819.0,67
2819.0,66
2819.0,11
477.0,17
2661.0,11
2215.0,99
1882.0,36
2708.0,61
2238.0,6
2062.0,3
2517.0,45
717.0,106
717.0,103
717.0,70
717.0,99
1995.0,23
1995.0,26
1995.0,25
1995.0,63
1995.0,24
2434.0,0
2434.0,1
2434.0,5
2434.0,3
2434.0,2
2434.0,4
1014.0,2
1014.0,1
1014.0,3
807.0,94
807.0,55
807.0,95
1576.0,17
1576.0,58
2024.0,70
2024.0,71
2024.0,106
2024.0,99
2024.0,93
1269.0,52
1269.0,49
1269.0,48
1269.0,53
1269.0,46
1418.0,68
1418.0,66
1418.0,67
1418.0,69
1397.0,9
1397.0,8
1397.0,7
2433.0,17
1320.0,94
1320.0,55
1320.0,95
352.0,94
352.0,55
1310.0,5
1558.0,61
1636.0,55
1636.0,95
1636.0,94
461.0,106
2306.0,99
2306.0,101
2082.0,99
1828.0,61
898.0,55
1268.0,95
1268.0,55
1268.0,94
1458.0,27
2655.0,99
2852.0,96
2852.0,69
2852.0,68
2852.0,97
2852.0,98
2852.0,67
2852.0,66
2777.0,68
2777.0,66
2777.0,67
2777.0,69
1376.0,33
1376.0,37
1376.0,35
1376.0,14
1376.0,36
1376.0,32
1376.0,28
1376.0,29
1376.0,30
1376.0,38
1376.0,31
1376.0,34
2053.0,1
2053.0,5
2053.0,3
2053.0,2
2053.0,4
2053.0,0
2794.0,3
2794.0,5
2794.0,1
2794.0,4
2794.0,0
2794.0,2
2547.0,25
1976.0,5
1976.0,2
1976.0,3
1976.0,0
1976.0,1
1976.0,4
2080.0,68
2080.0,67
2080.0,69
2080.0,11
588.0,17
1952.0,3
1952.0,0
1952.0,2
1952.0,4
1952.0,1
1952.0,1
1952.0,3
1952.0,2
1952.0,4
1952.0,0
2236.0,15
695.0,36
695.0,36
2773.0,1
2773.0,4
2043.0,17
2043.0,58
1690.0,17
2086.0,101
2086.0,93
2142.0,17
426.0,93
2584.0,17
1291.0,101
888.0,36
1495.0,36
87.0,17
940.0,55
2268.0,66
2268.0,67
2268.0,68
2268.0,69
877.0,53
877.0,48
877.0,40
877.0,45
877.0,47
877.0,49
877.0,52
2239.0,6
2239.0,7
2239.0,8
2239.0,9
516.0,110
516.0,107
516.0,63
516.0,5
2402.0,2
2402.0,4
2402.0,1
2402.0,3
2402.0,0
1053.0,55
1053.0,95
1053.0,94
1849.0,6
1793.0,64
1793.0,64
1721.0,55
761.0,17
2100.0,2
2100.0,100
39.0,25
1198.0,71
1198.0,106
1747.0,17
1665.0,17
2879.0,3
2879.0,1
2879.0,2
2879.0,100
385.0,5
385.0,19
385.0,15
385.0,63
385.0,110
385.0,18
385.0,8
385.0,7
385.0,107
385.0,9
2757.0,17
2148.0,5
1110.0,101
1110.0,99
2495.0,69
2495.0,68
2495.0,67
2495.0,66
2504.0,52
2147.0,17
2403.0,97
2403.0,98
2403.0,96
2403.0,67
2403.0,66
2403.0,68
2403.0,69
1967.0,5
1967.0,63
1967.0,107
1967.0,110
621.0,17
2798.0,52
2798.0,40
2798.0,47
2275.0,58
2275.0,17
1077.0,4
1077.0,2
1077.0,1
1077.0,3
2750.0,26
2836.0,11
2836.0,16
2836.0,69
2836.0,96
2836.0,68
2836.0,97
2836.0,67
1017.0,6
190.0,61
1149.0,95
1149.0,55
1149.0,94
1149.0,14
1279.0,64
1188.0,70
1830.0,60
1830.0,59
1830.0,100
1830.0,61
1307.0,70
1030.0,5
1861.0,64
1557.0,99
1557.0,101
2021.0,103
506.0,70
1745.0,95
1745.0,55
2330.0,15
2330.0,107
2330.0,63
2330.0,18
2330.0,5
2330.0,19
2330.0,110
998.0,92
2364.0,99
2364.0,70
2601.0,58
2601.0,17
2467.0,4
2467.0,1
91.0,29
91.0,14
635.0,110
635.0,5
635.0,63
635.0,107
2348.0,61
2348.0,100
2348.0,60
2348.0,59
2199.0,56
2199.0,54
576.0,5
576.0,63
576.0,107
576.0,110
246.0,38
246.0,38
246.0,37
246.0,33
246.0,36
246.0,29
246.0,30
246.0,31
246.0,34
246.0,28
246.0,29
246.0,28
246.0,34
246.0,35
246.0,37
246.0,33
246.0,32
246.0,32
246.0,30
246.0,36
246.0,31
246.0,35
2370.0,99
1754.0,17
1624.0,55
1624.0,94
2369.0,17
2369.0,58
1145.0,5
298.0,55
298.0,94
298.0,95
1096.0,55
1096.0,94
951.0,99
951.0,101
1676.0,67
1676.0,69
1676.0,68
1676.0,66
2394.0,40
2394.0,53
2394.0,52
2394.0,39
2394.0,43
2394.0,49
2394.0,42
2394.0,45
2394.0,50
2394.0,48
2394.0,44
2394.0,46
2742.0,67
2742.0,69
2742.0,66
2742.0,68
120.0,64
2014.0,2
2733.0,70
2029.0,17
534.0,58
2225.0,5
2795.0,60
2795.0,61
2795.0,100
1069.0,2
1069.0,1
1069.0,4
1069.0,3
1534.0,47
1534.0,52
1534.0,45
1534.0,49
1534.0,48
1534.0,40
912.0,14
912.0,29
2571.0,17
1605.0,39
1605.0,40
1605.0,48
1605.0,46
1605.0,50
1605.0,43
1605.0,49
1605.0,42
1605.0,44
1605.0,51
1605.0,52
1605.0,53
1605.0,45
2407.0,5
2407.0,3
2407.0,2
2407.0,1
2407.0,63
2407.0,110
2407.0,0
2407.0,4
2812.0,23
2812.0,26
2812.0,25
2812.0,24
2325.0,4
2325.0,1
2325.0,2
526.0,61
526.0,60
526.0,60
526.0,61
526.0,100
526.0,100
2610.0,17
641.0,69
641.0,67
641.0,66
641.0,68
2088.0,25
2088.0,24
1546.0,110
1546.0,5
1546.0,107
2702.0,1
2702.0,4
1273.0,17
1273.0,55
416.0,17
613.0,58
92.0,17
2141.0,2
1399.0,2
1501.0,17
1501.0,17
916.0,17
634.0,103
2753.0,14
2753.0,29
2807.0,1
2807.0,4
2807.0,2
2807.0,3
2453.0,38
604.0,99
771.0,55
771.0,95
771.0,94
1289.0,99
1463.0,93
1463.0,93
25.0,66
25.0,69
25.0,68
25.0,67
316.0,3
316.0,2
316.0,64
316.0,0
316.0,56
316.0,4
316.0,1
316.0,65
121.0,37
121.0,28
121.0,32
121.0,36
121.0,33
121.0,29
121.0,35
121.0,31
121.0,34
1505.0,17
1505.0,58
1852.0,3
1852.0,2
383.0,106
383.0,71
1244.0,99
1244.0,101
2207.0,66
2207.0,67
2207.0,69
2207.0,68
569.0,99
540.0,63
540.0,107
540.0,5
2056.0,2
2594.0,110
2054.0,2
2540.0,30
2677.0,67
2883.0,48
1971.0,1
1971.0,4
1971.0,65
1971.0,0
1971.0,56
1971.0,64
579.0,92
2317.0,24
2317.0,23
2317.0,25
2317.0,26
2341.0,70
1914.0,48
2632.0,102
424.0,70
2002.0,2
2583.0,32
2583.0,28
2583.0,37
2583.0,86
2583.0,36
229.0,63
229.0,100
229.0,110
229.0,107
229.0,5
229.0,80
40.0,5
325.0,70
2387.0,17
2387.0,58
2497.0,99
520.0,17
1799.0,107
1799.0,63
1109.0,5
1655.0,94
1655.0,55
1655.0,95
1446.0,27
328.0,70
95.0,17
95.0,58
1770.0,17
420.0,17
1051.0,1
1051.0,3
1736.0,3
23.0,1
2823.0,58
2823.0,17
1722.0,55
1722.0,94
1068.0,37
1068.0,32
1068.0,35
1068.0,38
1068.0,28
1068.0,33
1068.0,86
1068.0,30
1068.0,34
1068.0,31
1068.0,29
1068.0,36
2478.0,17
2583.0,33
2583.0,35
2583.0,30
2583.0,29
2583.0,34
2583.0,31
2583.0,38
2487.0,45
2117.0,70
2399.0,61
2478.0,55
2478.0,94
2260.0,45
724.0,8
724.0,7
607.0,63
607.0,107
2736.0,15
2736.0,63
2736.0,18
2736.0,5
2736.0,107
2736.0,19
1941.0,1
1878.0,103
2078.0,36
2516.0,53
2516.0,39
2516.0,42
2516.0,50
2516.0,49
2516.0,43
2516.0,40
2516.0,46
2516.0,52
2516.0,44
2516.0,45
2516.0,48
2246.0,99
2064.0,17
2064.0,17
2672.0,26
681.0,55
2359.0,2
2359.0,1
2359.0,3
2889.0,69
2889.0,66
2889.0,68
2889.0,67
2889.0,11
178.0,40
178.0,52
178.0,53
178.0,39
178.0,49
178.0,44
178.0,50
178.0,46
178.0,42
178.0,43
2395.0,17
2395.0,58
2869.0,109
2869.0,109
61.0,27
1697.0,97
1697.0,96
1697.0,69
1697.0,16
1697.0,67
1697.0,11
1697.0,68
543.0,57
2354.0,99
2354.0,101
1709.0,20
1392.0,58
1392.0,17
1193.0,52
2519.0,67
2519.0,11
2519.0,68
2519.0,16
2519.0,97
2519.0,69
2519.0,96
2842.0,67
2842.0,68
2842.0,96
2842.0,16
2842.0,97
2842.0,69
2842.0,11
1460.0,20
1011.0,94
1011.0,55
1011.0,95
1683.0,55
1683.0,95
1683.0,94
2546.0,111
439.0,4
51.0,107
51.0,80
51.0,110
51.0,5
51.0,63
51.0,100
765.0,5
765.0,107
765.0,110
765.0,63
765.0,15
765.0,19
2835.0,48
2485.0,17
920.0,55
920.0,94
2350.0,7
2700.0,17
96.0,17
1492.0,55
2499.0,101
2499.0,99
757.0,5
205.0,55
205.0,94
1144.0,55
1144.0,95
1144.0,94
1743.0,61
2185.0,93
680.0,70
2692.0,17
2692.0,58
719.0,94
719.0,55
719.0,17
2693.0,61
2693.0,60
2108.0,92
2507.0,17
2046.0,36
233.0,40
233.0,14
233.0,47
233.0,52
2128.0,103
2128.0,70
2128.0,99
2128.0,106
1478.0,17
1478.0,58
2047.0,4
2047.0,3
2047.0,2
2047.0,5
2047.0,1
2028.0,63
2028.0,110
2028.0,107
2028.0,5
2581.0,100
2581.0,61
2581.0,60
1968.0,5
1968.0,107
1968.0,63
1968.0,15
1968.0,19
1968.0,110
1688.0,12
1688.0,17
1688.0,117
1688.0,16
1688.0,23
1688.0,26
1688.0,10
1688.0,58
1688.0,22
1688.0,11
1688.0,24
1535.0,55
1535.0,22
295.0,55
295.0,94
295.0,95
1158.0,55
1158.0,95
1158.0,94
1554.0,93
1554.0,93
17.0,26
1083.0,17
677.0,94
677.0,95
677.0,55
1626.0,5
2545.0,68
2545.0,11
2545.0,66
2545.0,69
2545.0,67
119.0,42
119.0,45
119.0,50
119.0,52
119.0,46
119.0,43
119.0,48
119.0,53
119.0,40
119.0,44
119.0,39
119.0,49
1133.0,5
2508.0,17
2508.0,58
692.0,17
1569.0,14
1569.0,36
628.0,29
1282.0,29
926.0,55
714.0,99
624.0,70
624.0,99
1933.0,2
850.0,22
850.0,21
850.0,20
2200.0,3
2200.0,2
2200.0,0
2200.0,5
2200.0,4
2200.0,1
851.0,107
851.0,5
851.0,2
851.0,110
851.0,63
851.0,70
181.0,7
181.0,8
2150.0,64
2094.0,17
1437.0,29
471.0,55
471.0,95
471.0,94
471.0,94
471.0,95
471.0,55
2565.0,17
1704.0,10
1923.0,29
354.0,36
2552.0,3
1827.0,55
1827.0,94
792.0,29
2183.0,99
1348.0,99
777.0,87
777.0,34
777.0,31
777.0,15
777.0,80
777.0,32
777.0,36
777.0,81
777.0,72
777.0,18
777.0,37
777.0,33
777.0,79
777.0,28
777.0,35
777.0,73
777.0,84
777.0,77
777.0,91
777.0,29
777.0,89
777.0,19
777.0,90
777.0,83
777.0,78
777.0,30
777.0,82
777.0,76
777.0,63
777.0,86
777.0,85
777.0,6
777.0,88
777.0,38
1953.0,65
2751.0,14
2751.0,100
1386.0,61
2031.0,70
232.0,17
2648.0,68
2648.0,66
2648.0,69
2648.0,67
952.0,17
2234.0,5
1285.0,6
1225.0,58
1225.0,17
2681.0,99
2681.0,70
2681.0,103
2681.0,106
731.0,58
731.0,17
1804.0,61
1804.0,100
2351.0,10
429.0,93
429.0,101
429.0,99
599.0,8
599.0,7
1907.0,16
1907.0,11
472.0,70
612.0,10
1687.0,95
1607.0,3
1607.0,3
1707.0,67
1707.0,69
1707.0,61
936.0,3
936.0,2
936.0,4
936.0,1
936.0,0
722.0,17
709.0,6
86.0,99
86.0,101
245.0,70
1657.0,61
2727.0,29
2429.0,101
779.0,55
779.0,94
2690.0,68
2690.0,96
2690.0,66
2690.0,67
2690.0,69
2690.0,97
2690.0,98
1786.0,55
1786.0,95
1786.0,94
733.0,94
733.0,55
733.0,17
2502.0,7
2502.0,9
2502.0,8
2671.0,17
2866.0,71
2866.0,106
2156.0,63
2156.0,107
2156.0,5
2156.0,80
2156.0,100
2156.0,110
2562.0,61
1845.0,70
1845.0,106
1845.0,99
1845.0,103
1964.0,106
1964.0,99
1964.0,70
1964.0,101
1964.0,103
2202.0,110
2202.0,5
2202.0,63
58.0,61
1381.0,3
1381.0,14
1381.0,70
1381.0,0
1381.0,5
1381.0,19
1381.0,99
1381.0,63
1381.0,103
1381.0,15
1381.0,106
1381.0,4
1381.0,60
1381.0,2
1381.0,71
1381.0,1
1381.0,93
1381.0,107
1381.0,59
1381.0,101
1381.0,100
1381.0,110
1381.0,18
1381.0,61
2371.0,44
2371.0,40
2371.0,41
2371.0,52
2371.0,42
2371.0,47
2371.0,43
2371.0,46
2371.0,49
2371.0,39
2371.0,51
2371.0,50
2371.0,45
2371.0,48
2300.0,1
2300.0,3
2300.0,4
2300.0,2
2300.0,0
2172.0,64
27.0,1
27.0,4
27.0,2
27.0,3
568.0,58
568.0,17
454.0,67
454.0,68
454.0,66
454.0,69
553.0,99
553.0,71
553.0,103
553.0,101
553.0,106
553.0,70
553.0,93
1056.0,95
1056.0,94
1056.0,55
220.0,99
159.0,17
600.0,17
482.0,95
482.0,55
1612.0,29
1612.0,14
261.0,1
261.0,3
261.0,2
435.0,63
435.0,107
435.0,5
435.0,110
435.0,100
435.0,80
167.0,110
167.0,5
167.0,63
167.0,107
1791.0,110
1701.0,17
1779.0,58
1950.0,55
1405.0,58
278.0,17
1201.0,100
1201.0,107
1201.0,63
1201.0,80
1201.0,110
1201.0,5
2898.0,12
1207.0,101
1207.0,99
434.0,55
2113.0,70
828.0,56
828.0,1
828.0,64
828.0,0
828.0,65
828.0,4
1407.0,58
2674.0,17
2228.0,17
509.0,17
2036.0,99
2008.0,99
2505.0,7
1206.0,22
1206.0,117
1206.0,20
1206.0,119
1206.0,21
2276.0,4
2276.0,2
2276.0,3
2276.0,0
2276.0,1
2276.0,5
2513.0,9
2513.0,8
2513.0,7
2513.0,7
2513.0,9
2513.0,8
2386.0,17
1059.0,17
216.0,99
2344.0,10
844.0,17
1243.0,22
1243.0,20
1243.0,20
1243.0,22
1757.0,94
1757.0,95
1757.0,55
150.0,44
150.0,52
150.0,43
150.0,42
150.0,40
150.0,50
150.0,46
150.0,39
150.0,45
150.0,49
150.0,51
150.0,53
150.0,48
1958.0,17
2318.0,17
523.0,95
523.0,55
523.0,94
2881.0,16
1843.0,11
1843.0,13
1843.0,16
1227.0,7
1227.0,9
1227.0,7
1227.0,8
1227.0,8
1227.0,9
1775.0,17
2314.0,3
1157.0,92
2019.0,107
1428.0,54
1428.0,75
1448.0,102
1095.0,2
1095.0,3
326.0,53
326.0,49
326.0,43
326.0,44
326.0,48
326.0,45
326.0,52
326.0,42
326.0,46
326.0,40
326.0,39
326.0,50
1005.0,17
1761.0,99
2597.0,66
2597.0,67
2597.0,69
2597.0,68
1525.0,17
1525.0,58
2037.0,70
29.0,10
186.0,9
186.0,8
186.0,7
625.0,95
625.0,55
625.0,94
2870.0,0
2870.0,1
2870.0,3
2870.0,4
2424.0,48
816.0,58
816.0,17
2709.0,56
2406.0,25
2451.0,30
854.0,103
2494.0,29
251.0,99
1997.0,2
106.0,17
2730.0,58
705.0,17
1992.0,17
1196.0,99
1385.0,70
1520.0,45
2550.0,61
848.0,99
2515.0,4
2515.0,2
2515.0,3
2515.0,1
1661.0,4
1661.0,64
1661.0,1
1842.0,7
2352.0,4
2352.0,1
2352.0,2
2352.0,0
2352.0,3
2352.0,5
2352.0,110
2352.0,63
1730.0,58
1810.0,58
1810.0,17
1931.0,46
1931.0,39
1931.0,52
1931.0,47
1931.0,42
1931.0,53
1931.0,41
1931.0,44
1931.0,43
1931.0,51
1931.0,49
1931.0,50
1931.0,40
81.0,4
81.0,1
81.0,3
81.0,2
1781.0,5
1009.0,76
1009.0,77
1009.0,81
1009.0,82
1009.0,87
1009.0,72
1009.0,73
1009.0,84
1009.0,88
1009.0,89
1009.0,91
1009.0,85
2884.0,20
2884.0,22
2884.0,117
75.0,5
75.0,107
75.0,110
990.0,5
2817.0,100
2817.0,61
423.0,29
141.0,15
141.0,19
141.0,5
2332.0,118
907.0,49
907.0,53
907.0,50
907.0,43
907.0,44
907.0,46
907.0,42
907.0,40
907.0,52
907.0,51
907.0,39
907.0,45
1618.0,61
1618.0,101
2428.0,17
2106.0,56
2132.0,56
1097.0,56
83.0,17
1890.0,15
1671.0,70
541.0,22
541.0,55
541.0,20
1046.0,17
1046.0,58
1046.0,80
2004.0,17
2116.0,2
682.0,99
642.0,1
642.0,2
642.0,3
642.0,0
642.0,4
720.0,1
720.0,2
720.0,4
720.0,0
720.0,5
720.0,3
2582.0,4
2582.0,1
2582.0,2
2582.0,3
1085.0,56
1162.0,17
567.0,17
1889.0,15
2694.0,4
2694.0,1
2694.0,0
2694.0,3
2694.0,2
2669.0,2
2669.0,3
2669.0,1
933.0,70
1334.0,2
1334.0,5
1334.0,3
1334.0,14
1334.0,63
1334.0,100
1334.0,107
1334.0,4
1334.0,1
1334.0,110
1334.0,0
2269.0,107
2269.0,110
2269.0,5
2269.0,63
2593.0,5
2593.0,63
2593.0,107
2781.0,17
676.0,17
317.0,55
317.0,94
317.0,94
317.0,95
317.0,55
317.0,95
1559.0,107
1969.0,99
817.0,61
817.0,60
488.0,100
488.0,61
764.0,55
764.0,95
764.0,94
518.0,58
2345.0,52
1404.0,48
1106.0,19
1106.0,15
1106.0,17
648.0,4
648.0,1
315.0,42
315.0,43
1249.0,48
1259.0,99
1259.0,101
1259.0,71
1259.0,93
1259.0,106
1259.0,70
1259.0,103
2466.0,3
2466.0,1
2705.0,17
2247.0,16
1589.0,3
1589.0,0
1589.0,64
1589.0,56
1589.0,65
1589.0,4
1589.0,1
710.0,99
2465.0,25
450.0,8
450.0,7
410.0,100
410.0,2
410.0,1
410.0,3
2060.0,17
247.0,32
247.0,34
247.0,36
247.0,28
247.0,30
247.0,33
247.0,35
247.0,37
247.0,31
247.0,29
247.0,38
2093.0,61
2093.0,59
2093.0,60
1190.0,58
1135.0,7
1135.0,8
1035.0,95
1035.0,55
1035.0,94
913.0,99
143.0,101
143.0,99
617.0,5
503.0,5
2265.0,67
2328.0,2
2564.0,17
2564.0,58
1435.0,61
491.0,60
491.0,61
2640.0,7
2209.0,17
2603.0,27
2724.0,103
2488.0,8
2488.0,9
2488.0,7
2872.0,21
2872.0,20
2872.0,22
198.0,93
2322.0,20
2322.0,119
2322.0,22
2218.0,1
2218.0,4
2218.0,0
2218.0,3
2218.0,2
412.0,64
288.0,36
288.0,14
288.0,36
288.0,14
1072.0,5
1072.0,63
2647.0,17
2647.0,58
1062.0,92
132.0,20
132.0,22
132.0,117
132.0,119
730.0,58
730.0,17
991.0,53
991.0,39
991.0,46
991.0,43
991.0,49
991.0,40
991.0,48
991.0,52
991.0,44
991.0,50
991.0,42
991.0,51
1212.0,50
1212.0,40
1212.0,39
1212.0,53
1212.0,52
1212.0,51
1212.0,44
1212.0,45
1212.0,49
1212.0,46
1212.0,43
1212.0,42
2766.0,10
882.0,94
882.0,95
882.0,55
2785.0,3
766.0,1
766.0,5
766.0,4
766.0,3
766.0,0
2159.0,4
2159.0,2
2159.0,0
2159.0,1
2159.0,3
2159.0,5
2168.0,25
2168.0,23
1351.0,14
1351.0,17
985.0,17
985.0,58
797.0,29
1229.0,61
1660.0,94
1660.0,55
1660.0,95
996.0,17
2091.0,15
1416.0,3
55.0,4
55.0,3
55.0,2
55.0,1
2717.0,17
2222.0,27
248.0,5
248.0,107
248.0,110
248.0,63
2426.0,7
2448.0,45
1990.0,27
163.0,58
163.0,17
2205.0,20
476.0,36
36.0,17
1469.0,41
1469.0,49
1469.0,43
1469.0,40
1469.0,47
1469.0,52
1470.0,99
107.0,99
1142.0,25
1022.0,6
1524.0,55
1524.0,95
2233.0,17
2827.0,2
2891.0,36
2793.0,68
2793.0,67
2793.0,66
2793.0,69
2195.0,1
2195.0,3
2195.0,2
2195.0,4
1641.0,94
1641.0,55
892.0,102
1469.0,46
1469.0,50
393.0,36
1694.0,106
1694.0,71
2444.0,2
984.0,103
658.0,17
2243.0,70
1447.0,55
1447.0,94
1389.0,58
565.0,58
728.0,99
1840.0,58
1055.0,61
1442.0,101
2229.0,61
2114.0,3
2114.0,1
2114.0,4
2114.0,0
2114.0,2
1101.0,60
1101.0,100
1101.0,61
922.0,56
922.0,64
922.0,65
2626.0,103
611.0,5
1988.0,99
773.0,8
773.0,7
1583.0,29
1583.0,14
994.0,103
2272.0,68
2272.0,67
2272.0,69
2272.0,66
1682.0,8
1682.0,7
1513.0,61
1513.0,100
139.0,3
474.0,71
474.0,106
1464.0,63
1464.0,107
1464.0,5
108.0,5
108.0,107
108.0,63
108.0,15
108.0,110
1836.0,55
1836.0,94
59.0,48
608.0,58
2373.0,92
1517.0,99
737.0,17
2506.0,36
1264.0,101
2000.0,61
1598.0,58
577.0,58
1893.0,70
2206.0,61
1586.0,8
1586.0,6
1586.0,7
1586.0,9
1905.0,4
1905.0,1
1905.0,2
1905.0,0
1905.0,3
1905.0,5
2740.0,8
2740.0,7
2740.0,9
2740.0,6
2596.0,106
2596.0,103
2596.0,70
2596.0,99
1510.0,1
1510.0,3
1510.0,4
1510.0,2
2278.0,4
2278.0,3
2278.0,2
2278.0,1
2278.0,0
1863.0,1
1863.0,2
1863.0,3
2290.0,4
2290.0,2
2290.0,0
2290.0,1
2290.0,3
1916.0,43
1916.0,39
1916.0,44
1916.0,45
1916.0,51
1916.0,42
1916.0,40
1916.0,47
1916.0,48
1916.0,46
1916.0,41
1916.0,49
1916.0,50
1916.0,52
1511.0,24
1511.0,23
1511.0,26
1511.0,25
62.0,17
2491.0,17
1483.0,94
1483.0,95
1483.0,55
337.0,46
337.0,49
337.0,51
337.0,44
337.0,41
337.0,42
337.0,52
337.0,40
337.0,50
337.0,53
337.0,43
337.0,39
1339.0,111
1528.0,17
2333.0,69
2333.0,68
2333.0,67
2333.0,66
2643.0,58
1910.0,4
1910.0,3
1910.0,1
2484.0,4
437.0,92
71.0,99
340.0,48
2523.0,17
671.0,95
671.0,55
671.0,94
530.0,20
1127.0,38
1127.0,33
1127.0,32
1127.0,36
1127.0,35
1127.0,37
1127.0,29
1127.0,31
1127.0,30
1127.0,34
1127.0,28
1138.0,17
1746.0,52
2057.0,65
2057.0,0
2551.0,5
2680.0,48
2680.0,52
2680.0,53
2680.0,49
1139.0,110
1139.0,5
1139.0,63
1139.0,107
356.0,70
1191.0,58
1191.0,17
2267.0,61
2163.0,15
2163.0,5
1860.0,48
444.0,100
444.0,61
1240.0,1
494.0,100
494.0,61
1879.0,3
1879.0,103
1879.0,61
1879.0,99
1879.0,60
1879.0,14
1879.0,100
1879.0,71
1879.0,1
1879.0,4
1879.0,59
1879.0,101
1879.0,0
1879.0,106
1879.0,15
1879.0,18
1879.0,2
1879.0,5
1879.0,110
1879.0,107
1879.0,19
1879.0,63
1879.0,93
1879.0,70
1292.0,64
318.0,94
318.0,55
318.0,95
19.0,52
2479.0,66
2479.0,67
2479.0,68
2479.0,69
1487.0,6
1335.0,8
1335.0,7
2257.0,1
2257.0,4
857.0,94
857.0,55
857.0,95
1536.0,93
2619.0,68
2619.0,67
2619.0,69
2619.0,66
2888.0,7
860.0,70
860.0,99
860.0,101
860.0,103
860.0,93
732.0,5
1667.0,58
2561.0,20
2561.0,55
2561.0,22
45.0,17
741.0,17
1751.0,17
995.0,17
995.0,58
2191.0,10
1208.0,27
1692.0,74
1262.0,106
1262.0,71
1963.0,1
1963.0,4
2767.0,40
2767.0,42
2767.0,43
2767.0,49
2767.0,53
2767.0,50
2767.0,44
2767.0,39
2767.0,52
1945.0,92
1959.0,70
2038.0,29
2831.0,70
2041.0,70
2767.0,46
2767.0,51
2767.0,45
2767.0,48
1303.0,106
1850.0,4
1850.0,3
1850.0,0
1850.0,2
1850.0,1
2095.0,17
2095.0,58
2887.0,108
237.0,51
237.0,40
237.0,48
237.0,42
237.0,43
237.0,39
237.0,52
237.0,46
237.0,50
237.0,49
237.0,44
237.0,53
2683.0,25
160.0,80
160.0,110
1926.0,99
2861.0,29
551.0,35
551.0,36
551.0,33
551.0,37
551.0,31
551.0,34
551.0,38
551.0,28
551.0,30
551.0,32
305.0,19
305.0,63
305.0,107
305.0,110
305.0,8
305.0,9
305.0,7
305.0,18
305.0,5
305.0,15
1182.0,5
1182.0,63
1182.0,107
614.0,52
407.0,110
1699.0,55
601.0,5
2458.0,65
182.0,110
182.0,9
182.0,18
182.0,19
182.0,15
1028.0,58
1028.0,17
485.0,106
485.0,103
485.0,99
485.0,70
960.0,24
960.0,23
960.0,26
960.0,25
332.0,5
332.0,1
332.0,4
332.0,0
332.0,3
332.0,2
932.0,21
932.0,22
932.0,20
932.0,117
1808.0,27
148.0,106
148.0,99
2251.0,64
2251.0,64
182.0,63
182.0,8
182.0,7
182.0,107
182.0,5
962.0,55
2837.0,94
2837.0,55
939.0,17
939.0,58
2416.0,5
1877.0,99
949.0,55
949.0,94
949.0,95
2726.0,58
2726.0,17
2765.0,61
2765.0,61
2877.0,61
798.0,17
798.0,17
276.0,61
276.0,100
1203.0,6
889.0,95
889.0,55
889.0,94
2531.0,52
2400.0,101
2076.0,103
2034.0,40
2034.0,42
2034.0,52
2034.0,49
2034.0,46
2034.0,43
2034.0,44
917.0,54
972.0,21
972.0,20
972.0,22
1837.0,2
1837.0,1
1837.0,5
1837.0,4
1837.0,3
1837.0,0
928.0,14
928.0,95
928.0,94
928.0,55
928.0,58
661.0,14
661.0,95
661.0,55
661.0,94
688.0,17
1856.0,1
1856.0,3
1856.0,2
1856.0,4
1178.0,58
1178.0,14
747.0,17
1228.0,94
1228.0,65
2553.0,61
1087.0,75
2652.0,7
2652.0,8
2034.0,39
2034.0,53
2034.0,50
2034.0,45
1204.0,92
2689.0,58
2689.0,17
1421.0,94
1421.0,55
1421.0,95
2631.0,22
2631.0,55
2631.0,20
258.0,55
258.0,17
438.0,17
2005.0,57
2045.0,99
2045.0,101
1643.0,95
1643.0,55
1643.0,94
1338.0,102
938.0,61
192.0,52
1812.0,60
2022.0,70
1344.0,17
1782.0,7
2430.0,17
425.0,94
425.0,95
425.0,55
596.0,94
596.0,95
596.0,55
595.0,17
788.0,6
2025.0,0
2025.0,65
2025.0,0
2025.0,65
782.0,103
2437.0,58
2437.0,17
921.0,55
980.0,55
980.0,95
980.0,94
1579.0,94
1579.0,95
1579.0,55
581.0,95
581.0,55
581.0,94
253.0,94
253.0,55
253.0,95
2109.0,2
2232.0,68
2232.0,66
2232.0,67
2232.0,11
2232.0,69
144.0,5
2604.0,17
1120.0,17
2071.0,3
2071.0,1
2052.0,2
2052.0,1
2052.0,4
2052.0,3
1972.0,17
2438.0,17
2743.0,5
2271.0,70
2286.0,110
2286.0,80
2138.0,17
2474.0,17
2642.0,68
2642.0,69
2642.0,66
2642.0,67
2220.0,29
347.0,5
1575.0,70
1892.0,103
1199.0,70
84.0,61
84.0,60
1304.0,61
2586.0,58
2586.0,17
2296.0,103
2296.0,99
959.0,58
959.0,17
667.0,99
667.0,106
897.0,17
470.0,52
2084.0,17
861.0,30
778.0,44
218.0,64
2135.0,2
1434.0,2
2543.0,58
2543.0,17
1267.0,61
1617.0,61
2527.0,52
1956.0,70
2662.0,17
2187.0,55
2187.0,17
2378.0,17
2378.0,58
2105.0,2
2105.0,1
2105.0,3
2105.0,4
2695.0,11
2695.0,69
2695.0,67
2695.0,66
2695.0,68
1977.0,69
1977.0,66
1977.0,67
1977.0,68
746.0,4
746.0,1
746.0,65
746.0,0
746.0,56
746.0,64
411.0,36
34.0,5
34.0,107
34.0,15
299.0,5
2066.0,17
1918.0,5
1677.0,58
2253.0,17
2722.0,58
2722.0,17
1238.0,40
1238.0,44
1238.0,47
1238.0,42
1238.0,51
1238.0,48
1238.0,46
1238.0,49
1238.0,50
1238.0,41
1238.0,52
1238.0,53
1238.0,45
1238.0,39
1883.0,17
2299.0,2
2299.0,3
1921.0,17
2103.0,4
2103.0,0
2103.0,3
2103.0,2
2103.0,1
1639.0,10
1368.0,26
2855.0,64
2855.0,64
637.0,10
637.0,24
637.0,25
637.0,26
637.0,23
262.0,10
262.0,10
1826.0,8
1826.0,7
1826.0,9
401.0,99
762.0,17
2061.0,95
2061.0,65
2061.0,56
2061.0,64
2061.0,55
2061.0,94
2242.0,2
2828.0,99
944.0,70
744.0,60
744.0,100
744.0,61
744.0,59
136.0,70
2530.0,8
2530.0,9
2530.0,7
2118.0,58
1928.0,49
1928.0,52
1928.0,48
2840.0,69
2840.0,66
2840.0,68
2840.0,67
1363.0,40
1363.0,53
1363.0,45
1363.0,50
1363.0,52
1363.0,51
1363.0,44
1363.0,42
1363.0,43
1363.0,46
1363.0,49
1363.0,39
1763.0,93
2188.0,17
512.0,58
525.0,17
1073.0,55
1073.0,95
1073.0,94
1518.0,102
859.0,5
2176.0,1
2176.0,3
2176.0,0
2176.0,4
2176.0,2
2845.0,2
2845.0,1
2845.0,4
2845.0,3
1685.0,68
1685.0,66
1685.0,69
1685.0,67
297.0,25
2687.0,1
2687.0,3
2770.0,17
1909.0,2
1345.0,2
12.0,17
2729.0,99
2566.0,1
2566.0,2
855.0,70
1913.0,70
116.0,58
2558.0,67
129.0,17
1123.0,36
1123.0,36
394.0,110
394.0,5
394.0,63
394.0,107
655.0,94
655.0,95
655.0,55
417.0,99
301.0,101
301.0,99
909.0,5
1738.0,17
2130.0,3
2130.0,4
2130.0,2
2130.0,1
244.0,61
1079.0,61
1563.0,17
2780.0,58
2250.0,68
2250.0,69
2250.0,67
2250.0,66
2886.0,17
1920.0,0
1920.0,5
1920.0,2
1920.0,3
1920.0,1
1920.0,4
2846.0,49
2846.0,46
2846.0,48
2846.0,47
2846.0,44
2846.0,41
2846.0,52
2846.0,51
2846.0,14
2846.0,40
2846.0,50
2846.0,45
2846.0,42
2846.0,39
2846.0,53
457.0,24
457.0,10
457.0,63
457.0,23
457.0,25
457.0,26
1937.0,18
1937.0,101
1937.0,5
1937.0,100
1937.0,103
1937.0,14
1937.0,19
1937.0,107
1937.0,2
1937.0,99
1937.0,63
1937.0,3
1937.0,15
1937.0,106
1937.0,93
1937.0,59
1937.0,70
1937.0,71
1937.0,4
1937.0,60
1937.0,110
1937.0,61
1937.0,1
1937.0,0
1136.0,10
2537.0,0
2537.0,3
2537.0,4
2537.0,2
2537.0,1
2537.0,5
2151.0,17
2151.0,12
2151.0,94
2151.0,55
2151.0,13
2151.0,95
310.0,96
310.0,12
310.0,13
2079.0,2
2079.0,3
6.0,56
2173.0,17
2761.0,44
2592.0,52
2592.0,40
1740.0,36
1903.0,56
1708.0,61
1769.0,61
2482.0,116
2473.0,3
2473.0,5
2473.0,4
2473.0,1
2473.0,2
2473.0,0
841.0,20
841.0,21
841.0,22
98.0,23
98.0,26
98.0,25
98.0,24
1974.0,27
1835.0,48
1835.0,49
1835.0,52
1825.0,75
1082.0,107
1082.0,63
1082.0,5
2237.0,106
2235.0,16
2235.0,11
2235.0,68
2235.0,96
2235.0,69
2235.0,97
2235.0,61
2235.0,67
2235.0,13
2762.0,17
2182.0,57
280.0,2
280.0,3
1549.0,61
38.0,48
1666.0,17
896.0,55
896.0,94
896.0,95
279.0,36
863.0,102
583.0,65
2580.0,92
134.0,60
134.0,59
134.0,61
2789.0,5
1986.0,2
2892.0,93
2067.0,17
2734.0,29
1829.0,61
1717.0,95
2050.0,29
1686.0,102
1360.0,70
1504.0,5
2358.0,67
2358.0,69
2358.0,66
2358.0,68
1885.0,2
2409.0,20
2409.0,21
2409.0,22
2475.0,2
2475.0,4
2475.0,1
2475.0,3
2744.0,109
2710.0,61
2468.0,61
2824.0,109
1996.0,45
1294.0,61
1777.0,18
1777.0,5
1777.0,107
1777.0,63
1777.0,14
1777.0,19
1777.0,15
815.0,17
815.0,58
546.0,73
1669.0,54
1912.0,56
1912.0,65
1912.0,64
1361.0,61
1361.0,60
1361.0,59
1361.0,100
1018.0,17
1018.0,58
1370.0,56
1370.0,65
1370.0,64
1276.0,2
1276.0,3
1531.0,69
1531.0,66
1531.0,68
1531.0,67
2737.0,103
2127.0,58
2127.0,17
2449.0,106
2449.0,99
701.0,110
701.0,8
701.0,15
701.0,18
701.0,9
701.0,5
701.0,15
701.0,19
701.0,63
701.0,7
701.0,18
701.0,5
701.0,110
701.0,19
1451.0,2
2119.0,5
1973.0,45
1832.0,17
945.0,17
2481.0,58
1766.0,70
1731.0,110
133.0,99
133.0,101
1759.0,61
1759.0,99
1981.0,1
2679.0,11
2460.0,27
701.0,63
701.0,9
701.0,107
701.0,107
701.0,8
701.0,7
2122.0,4
2122.0,3
2122.0,1
2122.0,2
2122.0,0
2042.0,1
2279.0,71
2279.0,106
2663.0,116
283.0,99
283.0,103
2287.0,56
2287.0,55
2287.0,64
2287.0,65
2287.0,95
2287.0,94
1293.0,58
2525.0,119
2525.0,117
2525.0,20
2525.0,22
830.0,61
830.0,100
2033.0,2
447.0,17
375.0,93
2815.0,25
666.0,17
2542.0,58
2588.0,60
2579.0,8
2579.0,9
2579.0,7
2258.0,13
2258.0,12
1430.0,14
1430.0,58
1566.0,94
1566.0,95
1566.0,55
1239.0,64
1623.0,2
536.0,17
966.0,5
966.0,63
966.0,107
1523.0,6
1054.0,39
1054.0,43
1054.0,49
1054.0,53
1054.0,48
1054.0,46
1054.0,40
1054.0,44
1054.0,52
1054.0,50
1054.0,45
1054.0,42
1316.0,17
748.0,99
748.0,61
748.0,101
1946.0,33
805.0,94
805.0,55
805.0,95
2425.0,58
1342.0,70
243.0,45
2471.0,7
2490.0,99
2363.0,99
2003.0,103
2102.0,45
1645.0,23
1942.0,58
1942.0,17
371.0,60
371.0,100
371.0,61
371.0,59
1384.0,29
1384.0,14
346.0,3
346.0,2
1966.0,1
2641.0,1
2641.0,4
2641.0,2
2641.0,3
2633.0,25
1290.0,107
1290.0,63
570.0,110
496.0,45
1628.0,17
109.0,17
109.0,58
402.0,5
1219.0,36
1394.0,17
1189.0,93
845.0,4
845.0,0
845.0,2
845.0,1
845.0,3
1493.0,61
2055.0,30
2796.0,107
2796.0,17
2796.0,110
2796.0,58
2796.0,5
2796.0,63
2813.0,17
2216.0,17
2040.0,61
179.0,36
179.0,30
179.0,32
179.0,34
179.0,38
179.0,14
179.0,29
179.0,33
3.0,2
3.0,1
3.0,3
3.0,0
3.0,4
2452.0,1
2452.0,2
2452.0,5
2452.0,3
2452.0,0
2452.0,4
2799.0,17
2799.0,58
786.0,10
803.0,1
803.0,4
803.0,3
2089.0,2
2089.0,5
2089.0,3
2089.0,1
2089.0,0
2089.0,4
1390.0,58
46.0,2
46.0,1
46.0,15
46.0,3
46.0,18
46.0,0
46.0,17
46.0,5
46.0,110
46.0,14
46.0,63
46.0,4
46.0,107
46.0,19
669.0,3
669.0,4
669.0,2
2896.0,17
1894.0,3
1894.0,65
1894.0,64
1894.0,4
1894.0,0
1894.0,2
1894.0,56
1894.0,1
1529.0,58
2850.0,1
2850.0,64
2850.0,56
2850.0,0
2850.0,4
2850.0,65
1270.0,8
1270.0,7
203.0,99
212.0,17
2074.0,2
1129.0,61
168.0,57
2621.0,7
2295.0,99
369.0,61
1489.0,5
2166.0,25
2321.0,8
2321.0,9
2321.0,7
734.0,36
734.0,36
734.0,14
734.0,14
1604.0,61
1604.0,60
1604.0,59
1164.0,14
1164.0,36
1590.0,55
564.0,95
564.0,55
564.0,94
372.0,36
1064.0,17
54.0,12
54.0,13
935.0,17
312.0,27
729.0,3
729.0,2
729.0,1
2083.0,35
403.0,30
2442.0,17
2165.0,110
2165.0,107
2165.0,5
2165.0,63
1681.0,99
1253.0,58
2617.0,58
1516.0,17
533.0,17
533.0,17
1582.0,58
1582.0,17
739.0,61
739.0,60
1776.0,99
2320.0,101
2320.0,99
32.0,36
2297.0,67
2297.0,69
2297.0,68
2297.0,66
529.0,70
2224.0,70
1857.0,99
2810.0,61
2810.0,60
1585.0,59
1585.0,60
1585.0,61
1732.0,102
2567.0,93
2759.0,17
2194.0,68
2194.0,66
2194.0,69
2194.0,67
548.0,100
548.0,61
1960.0,68
1960.0,69
1960.0,67
1960.0,69
1960.0,68
1960.0,67
1755.0,58
1755.0,17
126.0,10
1662.0,53
1662.0,40
1662.0,50
1662.0,44
1662.0,49
1662.0,39
1662.0,43
1662.0,52
1662.0,46
1662.0,42
1662.0,41
1662.0,51
2098.0,45
1891.0,106
149.0,61
2752.0,29
1896.0,56
1424.0,61
1002.0,5
1002.0,107
2366.0,17
341.0,55
341.0,95
2334.0,74
2334.0,75
319.0,61
359.0,17
359.0,17
1841.0,55
1897.0,1
2081.0,67
2081.0,68
2081.0,69
2081.0,66
252.0,99
544.0,101
544.0,99
2696.0,99
1260.0,55
2450.0,15
2450.0,107
2450.0,100
2450.0,80
2450.0,18
2450.0,5
2450.0,110
2450.0,19
1851.0,64
466.0,17
1572.0,17
2419.0,17
517.0,58
2865.0,27
1999.0,103
2664.0,66
2664.0,68
2664.0,69
2664.0,67
2252.0,61
997.0,61
997.0,100
388.0,3
388.0,2
388.0,0
388.0,4
388.0,1
1241.0,1
195.0,17
2539.0,1
2539.0,2
2539.0,3
2539.0,0
2539.0,4
2539.0,5
735.0,66
735.0,67
735.0,11
735.0,68
735.0,69
2026.0,25
2026.0,23
2411.0,0
2411.0,3
2411.0,1
2411.0,4
2411.0,2
2880.0,11
1938.0,17
1938.0,58
365.0,95
365.0,94
365.0,55
2735.0,4
2735.0,3
2735.0,2
2735.0,1
2885.0,2
2423.0,61
2414.0,8
2414.0,7
656.0,5
2068.0,64
28.0,107
28.0,5
28.0,63
180.0,5
2856.0,92
712.0,99
1499.0,55
643.0,6
193.0,6
1908.0,52
531.0,5
2616.0,67
727.0,99
1881.0,70
1944.0,5
1944.0,19
1944.0,110
1944.0,9
1944.0,63
1944.0,7
1944.0,15
1944.0,18
1944.0,8
1944.0,107
2833.0,1
2833.0,0
2833.0,5
2833.0,2
2833.0,4
2833.0,3
228.0,107
228.0,80
228.0,5
228.0,63
228.0,110
228.0,100
887.0,17
887.0,58
794.0,95
794.0,94
794.0,55
1985.0,7
1985.0,9
1985.0,8
923.0,17
549.0,17
1395.0,13
1395.0,55
1395.0,17
1395.0,12
1395.0,94
400.0,1
400.0,0
400.0,3
400.0,4
400.0,2
698.0,61
698.0,60
698.0,59
865.0,95
865.0,55
818.0,94
818.0,55
2514.0,67
2514.0,68
2514.0,11
2514.0,69
1865.0,93
1455.0,17
2688.0,61
806.0,36
1555.0,53
1555.0,40
1555.0,52
1555.0,49
1555.0,45
1555.0,47
2347.0,17
915.0,5
2864.0,55
2864.0,94
2001.0,2
2848.0,99
2718.0,92
2379.0,3
2305.0,52
1542.0,64
1202.0,38
1202.0,36
1819.0,3
1819.0,3
2455.0,15
1869.0,45
582.0,5
263.0,8
263.0,7
899.0,59
899.0,100
899.0,60
899.0,61
899.0,59
899.0,60
899.0,100
899.0,61
1603.0,80
1603.0,5
1603.0,15
1603.0,19
1603.0,107
1603.0,100
1603.0,110
550.0,2
550.0,3
550.0,1
1848.0,106
1848.0,71
2189.0,99
2189.0,103
348.0,94
348.0,95
348.0,55
598.0,48
378.0,10
1603.0,18
1603.0,63
2125.0,65
1312.0,94
1312.0,95
1312.0,55
1696.0,0
1696.0,3
1547.0,69
1547.0,68
1547.0,67
1025.0,61
2129.0,1
175.0,103
37.0,27
2811.0,100
2811.0,60
2811.0,61
2811.0,59
1167.0,5
235.0,5
2374.0,25
2624.0,93
2624.0,101
35.0,29
35.0,14
776.0,17
1587.0,8
1587.0,7
1715.0,58
1398.0,55
397.0,17
1015.0,99
1088.0,94
1088.0,55
1727.0,61
2728.0,61
1220.0,61
484.0,61
2175.0,2
208.0,3
1350.0,17
2249.0,25
2027.0,56
2825.0,66
2825.0,69
2825.0,68
2825.0,67
708.0,70
2446.0,61
2572.0,99
654.0,58
2739.0,17
1936.0,103
2851.0,17
1998.0,99
2783.0,4
2783.0,3
2783.0,0
2783.0,5
2783.0,2
2783.0,1
8.0,2
8.0,3
8.0,0
8.0,5
8.0,1
8.0,110
8.0,63
8.0,4
801.0,4
801.0,3
801.0,2
2570.0,4
2570.0,2
2570.0,1
2570.0,5
2570.0,3
2570.0,0
1168.0,17
618.0,58
711.0,67
711.0,11
711.0,69
711.0,68
2051.0,36
1864.0,71
1864.0,106
1630.0,94
1630.0,95
1630.0,55
127.0,67
127.0,69
127.0,68
2240.0,68
2240.0,67
2240.0,69
2792.0,16
155.0,100
155.0,61
155.0,60
24.0,6
259.0,5
249.0,61
2791.0,3
2048.0,68
2048.0,67
2048.0,66
2048.0,69
382.0,110
1322.0,52
2623.0,17
16.0,2
2591.0,58
70.0,17
575.0,99
1798.0,99
2096.0,99
1076.0,94
1076.0,95
1076.0,55
1337.0,68
1337.0,66
1337.0,69
1337.0,67
2649.0,11
2712.0,17
2712.0,17
2427.0,99
2427.0,101
2754.0,61
2897.0,1
2897.0,4
2897.0,3
2897.0,2
2897.0,0
2158.0,17
1633.0,70
1633.0,106
1633.0,103
1633.0,99
1256.0,17
521.0,58
2894.0,63
2894.0,15
2894.0,19
2894.0,5
2894.0,110
2894.0,107
545.0,17
1045.0,25
2171.0,5
2171.0,15
2171.0,63
2171.0,110
696.0,58
696.0,17
1834.0,61
1834.0,61
465.0,2
465.0,3
465.0,1
465.0,4
465.0,0
2221.0,29
50.0,17
50.0,58
1098.0,55
649.0,58
713.0,99
636.0,70
683.0,44
683.0,47
683.0,40
683.0,42
683.0,43
683.0,50
683.0,41
683.0,45
683.0,46
683.0,104
683.0,51
683.0,48
683.0,52
683.0,53
683.0,39
683.0,49
983.0,101
983.0,70
1278.0,10
1278.0,10
1823.0,67
1823.0,69
1823.0,61
1872.0,1
1813.0,5
2436.0,17
2871.0,17
2665.0,101
2665.0,99
652.0,36
2606.0,58
77.0,7
1152.0,29
2376.0,30
418.0,7
1862.0,57
1803.0,101
657.0,17
657.0,58
1724.0,58
1471.0,36
480.0,32
480.0,28
480.0,36
480.0,35
480.0,33
480.0,37
480.0,34
480.0,38
480.0,31
480.0,30
480.0,29
505.0,110
505.0,100
505.0,80
505.0,5
505.0,63
505.0,107
2121.0,17
2303.0,45
270.0,102
2346.0,2
1951.0,36
942.0,4
942.0,1
749.0,61
1091.0,1
1091.0,4
1091.0,3
1091.0,0
1366.0,29
1150.0,102
1780.0,70
1184.0,5
1846.0,5
2073.0,1
2684.0,69
2684.0,68
2684.0,66
2684.0,11
2684.0,67
380.0,63
380.0,107
380.0,110
380.0,5
1924.0,70
2483.0,47
593.0,17
593.0,58
704.0,54
2167.0,1
2167.0,4
2421.0,58
2181.0,3
2181.0,1
2181.0,2
63.0,45
2343.0,17
2343.0,17
2528.0,8
2528.0,7
1833.0,92
1979.0,73
1979.0,6
1906.0,12
1906.0,13
1906.0,11
1906.0,16
1817.0,2
73.0,5
1606.0,55
1606.0,94
1606.0,95
31.0,17
209.0,70
1965.0,35
1930.0,99
1171.0,40
1171.0,51
1171.0,39
1171.0,53
1171.0,46
1171.0,50
1171.0,44
1171.0,43
1171.0,49
1171.0,45
1171.0,42
1171.0,52
1634.0,103
1634.0,99
1436.0,36
117.0,5
117.0,63
117.0,107
2398.0,17
1352.0,99
1961.0,106
1961.0,71
363.0,17
363.0,58
1824.0,58
88.0,2
88.0,0
88.0,1
88.0,4
1236.0,65
1236.0,64
1236.0,0
1236.0,56
1236.0,1
1236.0,4
2786.0,110
2391.0,19
2391.0,18
2391.0,5
2391.0,15
2732.0,110
1481.0,102
2646.0,5
1382.0,106
2107.0,67
2535.0,61
387.0,28
1543.0,27
2315.0,5
320.0,101
1170.0,94
2331.0,2
2331.0,3
1194.0,17
368.0,53
2111.0,109
2859.0,68
2859.0,67
2859.0,66
2859.0,69
868.0,29
2422.0,18
2422.0,15
2422.0,19
2422.0,34
2422.0,28
2422.0,33
2422.0,86
2422.0,36
2422.0,103
2422.0,37
950.0,57
950.0,57
2447.0,1
2447.0,5
2447.0,3
381.0,94
381.0,95
381.0,55
1970.0,52
1970.0,42
1496.0,99
2422.0,32
2422.0,35
2422.0,31
2422.0,80
2422.0,30
2422.0,38
2422.0,29
775.0,99
2365.0,61
2874.0,2
1975.0,70
1001.0,55
1001.0,94
1001.0,95
2133.0,103
849.0,94
849.0,55
849.0,95
2860.0,5
2860.0,63
2860.0,107
475.0,36
2380.0,99
2480.0,17
2801.0,27
2308.0,106
2308.0,70
2308.0,99
2308.0,103
142.0,14
142.0,36
2895.0,17
2895.0,17
1656.0,8
1656.0,7
2307.0,106
2307.0,71
2614.0,0
2614.0,4
2614.0,3
2614.0,2
2614.0,1
755.0,106
755.0,71
1498.0,70
1498.0,59
1498.0,5
1498.0,14
1498.0,19
1498.0,93
1498.0,63
1498.0,100
1498.0,2
1498.0,71
1498.0,101
1498.0,99
1498.0,15
1498.0,106
1498.0,103
1498.0,0
1498.0,61
1498.0,60
1498.0,107
1498.0,4
1498.0,110
1498.0,1
1498.0,3
1498.0,18
2832.0,99
1061.0,60
1061.0,61
1061.0,59
1987.0,106
2611.0,17
2144.0,107
800.0,3
800.0,2
800.0,1
706.0,63
706.0,5
93.0,17
183.0,17
2595.0,67
2595.0,97
2595.0,68
2595.0,11
2595.0,69
2595.0,16
2595.0,96
396.0,56
1021.0,17
2023.0,2
2023.0,3
2023.0,1
2023.0,4
1222.0,111
2384.0,2
2384.0,3
2384.0,4
2384.0,1
2384.0,0
558.0,25
1490.0,30
743.0,107
743.0,110
743.0,15
743.0,5
743.0,63
473.0,93
974.0,58
974.0,17
824.0,65
824.0,64
824.0,56
1987.0,71
811.0,17
501.0,17
871.0,17
2397.0,59
2397.0,61
2397.0,60
2397.0,100
453.0,54
15.0,48
366.0,17
366.0,58
1252.0,107
1252.0,5
1252.0,63
1955.0,2
118.0,18
118.0,19
118.0,110
118.0,15
2335.0,1
948.0,85
948.0,6
948.0,79
948.0,91
948.0,82
948.0,72
948.0,87
948.0,90
948.0,73
197.0,52
1231.0,69
1231.0,66
1231.0,68
1231.0,67
2776.0,99
2776.0,101
2509.0,6
241.0,2
1125.0,61
504.0,17
2131.0,3
2768.0,5
2768.0,63
2768.0,107
2826.0,61
2818.0,32
2818.0,36
2818.0,14
2818.0,38
2818.0,31
2818.0,35
2818.0,34
2818.0,29
2818.0,33
2818.0,30
2818.0,28
2818.0,37
2115.0,52
2115.0,41
2115.0,49
2115.0,43
2115.0,46
2115.0,40
2115.0,42
2115.0,53
2115.0,39
2115.0,44
2115.0,47
2115.0,14
2115.0,48
2115.0,45
2115.0,50
2115.0,51
1867.0,17
2843.0,61
953.0,55
953.0,94
1533.0,71
961.0,17
2526.0,17
867.0,3
867.0,1
867.0,4
867.0,0
867.0,2
1932.0,103
2841.0,17
2613.0,9
2613.0,7
2613.0,8
1355.0,52
2284.0,25
60.0,93
60.0,101
60.0,99
1218.0,92
2745.0,3
2745.0,2
2745.0,1
2745.0,0
2745.0,4
200.0,55
200.0,94
240.0,106
2760.0,69
1065.0,58
1321.0,55
1571.0,55
1571.0,94
1571.0,95
292.0,99
825.0,17
527.0,58
2143.0,58
2143.0,80
2143.0,110
2143.0,17
1328.0,102
2381.0,102
448.0,64
1880.0,64
2697.0,7
498.0,17
2589.0,103
1131.0,100
1131.0,60
1131.0,61
21.0,14
428.0,60
428.0,61
514.0,4
514.0,1
2178.0,12
943.0,55
943.0,95
943.0,94
2254.0,70
2417.0,4
2417.0,0
2417.0,2
2417.0,3
2417.0,5
2417.0,110
2417.0,107
2417.0,63
2417.0,14
2417.0,100
2417.0,1
9.0,93
1611.0,68
1611.0,11
1611.0,66
1611.0,67
1611.0,69
2445.0,17
1802.0,36
2161.0,106
2112.0,4
2112.0,1
2704.0,17
2464.0,3
2464.0,1
2464.0,4
2464.0,0
2464.0,2
1274.0,58
171.0,25
1663.0,55
1426.0,92
1453.0,52
903.0,107
903.0,110
903.0,5
903.0,63
2876.0,7
2463.0,61
2110.0,103
1147.0,102
1934.0,29
1388.0,14
1388.0,94
1388.0,95
1388.0,55
2715.0,68
2715.0,67
2715.0,11
2715.0,97
2715.0,69
2715.0,16
1459.0,99
1459.0,106
1459.0,70
1459.0,71
2559.0,106
2559.0,71
2559.0,99
736.0,55
736.0,94
736.0,95
894.0,17
1506.0,17
1506.0,58
1790.0,17
1790.0,58
1393.0,44
1393.0,45
1393.0,46
1393.0,39
1393.0,52
1393.0,49
1393.0,48
1393.0,50
1393.0,40
1393.0,42
1393.0,43
1393.0,51
1393.0,53
2720.0,17
2838.0,1
2838.0,4
2838.0,3
2477.0,23
2477.0,25
2477.0,26
2477.0,24
2691.0,69
2691.0,68
2691.0,67
2691.0,66
2668.0,17
1420.0,93
2670.0,3
2670.0,1
2670.0,2
2670.0,4
1629.0,30
602.0,107
602.0,110
602.0,5
602.0,15
602.0,63
2667.0,45
2256.0,58
1308.0,55
1308.0,94
1308.0,95
2059.0,29
2634.0,17
1195.0,63
1195.0,107
812.0,107
989.0,55
989.0,94
989.0,95
1185.0,56
1122.0,17
112.0,52
112.0,53
112.0,49
112.0,45
1925.0,57
1723.0,61
2746.0,17
1003.0,60
1658.0,110
1658.0,107
1658.0,5
1658.0,63
2301.0,60
1362.0,55
1362.0,95
1362.0,14
1362.0,94
559.0,17
559.0,17
2721.0,2
2721.0,1
2721.0,3
2721.0,0
2721.0,5
2721.0,4
2353.0,26
2353.0,25
2353.0,24
2353.0,23
1539.0,17
1539.0,95
1539.0,55
839.0,23
2627.0,58
2627.0,17
335.0,52
2459.0,17
2609.0,65
2609.0,64
2609.0,3
2609.0,56
2609.0,1
2609.0,0
2609.0,4
1116.0,61
110.0,63
110.0,15
110.0,110
110.0,107
110.0,5
1215.0,17
1215.0,58
835.0,70
835.0,93
835.0,99
835.0,106
835.0,71
835.0,103
835.0,101
2862.0,17
2862.0,58
2520.0,3
2520.0,4
2520.0,0
2520.0,5
2520.0,2
2520.0,1
1811.0,63
1811.0,107
1811.0,14
586.0,17
2273.0,58
876.0,28
876.0,29
876.0,30
876.0,35
876.0,33
876.0,38
876.0,37
876.0,36
876.0,31
876.0,34
876.0,32
1313.0,63
1313.0,107
1822.0,36
2006.0,107
2006.0,63
1778.0,69
1778.0,68
1778.0,67
1778.0,66
2349.0,70
2653.0,29
875.0,95
875.0,94
875.0,55
1838.0,61
874.0,61
846.0,100
846.0,61
2612.0,16
1659.0,101
1659.0,101
2503.0,64
2666.0,66
2666.0,67
2666.0,68
2666.0,11
2666.0,69
1326.0,106
296.0,18
296.0,5
296.0,63
296.0,107
296.0,19
296.0,110
707.0,17
707.0,58
2137.0,56
2137.0,64
2137.0,65
1904.0,64
1904.0,64
769.0,55
2360.0,17
1160.0,102
662.0,55
662.0,94
1679.0,60
672.0,17
2771.0,107
2775.0,5
2775.0,15
2563.0,17
1295.0,67
1295.0,97
1295.0,17
1295.0,69
1295.0,100
1295.0,14
1295.0,13
1295.0,96
1295.0,61
1295.0,68
1295.0,12
1223.0,55
1223.0,102
1179.0,106
286.0,61
286.0,100
286.0,60
2805.0,11
1526.0,61
2790.0,7
2790.0,8
1922.0,48
937.0,45
1550.0,106
1839.0,29
2160.0,4
2160.0,1
2160.0,3
2160.0,2
257.0,52
1468.0,100
1468.0,61
2405.0,45
2703.0,17
2120.0,100
2120.0,110
2120.0,5
2120.0,63
2120.0,80
2120.0,107
1374.0,95
2443.0,2
2443.0,3
2186.0,67
2186.0,69
2186.0,66
2186.0,68
443.0,47
443.0,52
443.0,40
1336.0,92
1148.0,53
1148.0,45
1148.0,49
1148.0,39
1148.0,48
1148.0,51
1148.0,42
1148.0,40
1148.0,50
1148.0,41
1148.0,52
1148.0,43
1148.0,14
1148.0,47
1148.0,44
1148.0,46
1530.0,14
1530.0,58
1427.0,106
1427.0,93
1427.0,101
1427.0,103
1427.0,70
1427.0,99
1427.0,71
1234.0,10
492.0,14
492.0,29
2749.0,2
2749.0,3
2719.0,17
2719.0,17
2342.0,17
2255.0,3
2255.0,4
2255.0,1
2255.0,2
2698.0,12
2698.0,11
2698.0,13
2698.0,16
911.0,69
911.0,68
911.0,66
911.0,67
2013.0,7
2155.0,17
287.0,17
1118.0,53
2496.0,4
535.0,100
535.0,80
535.0,110
535.0,63
535.0,107
964.0,38
964.0,36
285.0,5
2030.0,58
469.0,15
469.0,5
469.0,63
469.0,19
469.0,110
469.0,18
469.0,107
2170.0,2
1480.0,5
2587.0,99
2162.0,47
802.0,2
802.0,3
802.0,5
802.0,1
802.0,0
802.0,4
1497.0,92
589.0,94
589.0,55
589.0,95
589.0,64
589.0,65
589.0,56
330.0,19
330.0,15
304.0,101
304.0,106
304.0,71
304.0,93
304.0,70
304.0,99
304.0,103
2532.0,71
2532.0,70
2532.0,103
2532.0,101
2532.0,106
2532.0,99
2532.0,93
436.0,68
436.0,67
436.0,66
436.0,69
436.0,61
436.0,96
1176.0,17
99.0,58
2164.0,2
2164.0,1
2164.0,3
100.0,59
100.0,60
100.0,61
1765.0,14
1765.0,100
1258.0,36
1443.0,18
1443.0,63
1443.0,107
1443.0,110
1443.0,80
1443.0,5
1675.0,17
1675.0,58
1438.0,68
1438.0,67
1438.0,66
1438.0,69
2486.0,25
2560.0,25
1744.0,27
2302.0,110
2302.0,5
2302.0,63
2302.0,107
1627.0,27
47.0,58
1006.0,17
360.0,94
360.0,55
2432.0,1
1255.0,17
404.0,99
2077.0,16
1532.0,6
2316.0,61
1538.0,102
274.0,36
2557.0,68
2557.0,67
2557.0,66
2557.0,69
2529.0,61
2806.0,25
2289.0,107
1772.0,1
1772.0,3
1772.0,5
1772.0,0
1772.0,4
1772.0,2
1075.0,17
1242.0,24
1242.0,14
1242.0,63
1242.0,23
1242.0,15
1242.0,25
1242.0,26
1174.0,56
1174.0,64
1128.0,10
2092.0,26
1261.0,48
2577.0,70
2577.0,93
2577.0,103
2577.0,99
2577.0,106
2577.0,71
2577.0,101
2087.0,17
2087.0,58
342.0,60
342.0,59
342.0,100
342.0,61
1935.0,101
1935.0,101
1600.0,58
820.0,6
2658.0,11
1010.0,99
2153.0,5
1271.0,68
1271.0,66
1271.0,67
1271.0,69
1989.0,29
2217.0,99
2707.0,103
2893.0,100
2893.0,61
2764.0,103
2383.0,36
2784.0,4
2784.0,2
2784.0,1
2784.0,3
1631.0,58
1631.0,17
1391.0,24
1391.0,26
1391.0,23
1391.0,25
1537.0,58
2204.0,116
146.0,67
146.0,97
146.0,96
146.0,13
146.0,61
146.0,11
146.0,16
146.0,68
146.0,69
1653.0,7
1653.0,8
1275.0,27
2212.0,3
2212.0,2
2212.0,4
2212.0,1
1032.0,17
1032.0,58
414.0,61
414.0,59
414.0,60
414.0,100
1983.0,103
760.0,94
760.0,55
760.0,95
2867.0,23
2867.0,25
2875.0,67
2875.0,66
2875.0,69
2875.0,68
329.0,107
329.0,80
329.0,63
329.0,5
329.0,100
329.0,110
2605.0,92
1929.0,65
819.0,17
819.0,58
131.0,50
131.0,46
131.0,43
131.0,42
131.0,53
131.0,44
131.0,45
131.0,49
131.0,40
131.0,39
131.0,52
94.0,36
2678.0,17
2701.0,99
2701.0,101
2521.0,5
2288.0,70
2266.0,9
2266.0,5
2266.0,18
2266.0,110
2266.0,15
2266.0,107
2266.0,7
2266.0,63
2266.0,8
2266.0,19
1787.0,58
2608.0,68
2608.0,67
2608.0,66
2608.0,69
2628.0,92
1462.0,99
1462.0,106
1462.0,70
1462.0,101
1462.0,103
391.0,14
391.0,33
391.0,29
391.0,30
391.0,34
391.0,38
391.0,36
1895.0,56
1895.0,65
1895.0,64
2241.0,64
89.0,59
89.0,61
89.0,60
2882.0,14
2882.0,29
79.0,92
1112.0,58
153.0,63
153.0,107
153.0,5
1725.0,94
1725.0,95
1725.0,55
2281.0,3
2123.0,45
1500.0,107
1500.0,63
67.0,99
2139.0,3
2629.0,69
2629.0,68
2629.0,67
2629.0,66
2758.0,3
2282.0,5
2324.0,99
2324.0,101
2294.0,2
2635.0,99
2635.0,101
2660.0,17
2339.0,67
2339.0,68
2339.0,69
2339.0,66
1026.0,45
1026.0,48
1026.0,40
1026.0,40
1026.0,45
1026.0,52
1026.0,47
1026.0,48
1026.0,47
1026.0,52
355.0,17
158.0,58
158.0,17
1875.0,103
1875.0,99
2152.0,4
2152.0,1
2018.0,36
1175.0,56
2538.0,61
1250.0,2
1250.0,3
1250.0,1
1250.0,0
1250.0,4
82.0,17
204.0,17
1217.0,53
2788.0,2
1060.0,17
929.0,22
929.0,55
2890.0,99
2011.0,49
2011.0,42
2011.0,51
2011.0,53
2011.0,52
2011.0,50
2011.0,48
2011.0,44
2011.0,45
2011.0,43
2011.0,40
2011.0,39
2011.0,46
640.0,92
2461.0,3
2802.0,68
2802.0,67
2802.0,69
2802.0,66
2873.0,49
2873.0,45
2873.0,48
2873.0,40
2873.0,42
2873.0,39
2873.0,53
2873.0,46
2873.0,44
2873.0,50
2873.0,52
2873.0,43
1103.0,55
1103.0,95
1103.0,94
1898.0,3
2149.0,27
2044.0,29
2413.0,61
2413.0,100
122.0,21
122.0,22
122.0,20
1414.0,8
1414.0,9
1414.0,7
2336.0,99
2336.0,103
349.0,52
338.0,70
338.0,101
2787.0,24
2787.0,25
2787.0,26
2787.0,23
2291.0,1
2510.0,61
2716.0,67
2716.0,69
2716.0,68
2716.0,66
970.0,5
1581.0,93
2069.0,99
1400.0,102
1784.0,5
309.0,107
309.0,63
969.0,5
2372.0,67
2372.0,68
2372.0,69
290.0,80
290.0,110
290.0,5
290.0,100
290.0,63
290.0,107
1263.0,27
2039.0,61
1713.0,3
1785.0,29
1377.0,55
1377.0,95
1377.0,94
847.0,17
1216.0,36
1870.0,106
1870.0,71
362.0,22
362.0,20
858.0,17
858.0,58
591.0,95
591.0,94
591.0,14
591.0,55
2857.0,16
752.0,2
752.0,1
752.0,3
752.0,4
2501.0,67
2501.0,69
2501.0,66
2501.0,68
2396.0,70
187.0,36
1899.0,45
264.0,17
832.0,58
832.0,17
2327.0,80
2327.0,110
2327.0,5
2327.0,100
2327.0,107
2327.0,63
2800.0,101
2800.0,99
361.0,99
331.0,5
2262.0,58
2262.0,17
670.0,99
670.0,70
2779.0,36
238.0,92
886.0,55
886.0,94
1192.0,70
2049.0,5
1367.0,70
1013.0,58
2673.0,5
2208.0,17
2863.0,103
2863.0,93
2154.0,61
675.0,94
675.0,95
675.0,55
532.0,52
532.0,40
532.0,47
753.0,6
753.0,7
753.0,9
753.0,8
2264.0,5
2264.0,3
1625.0,100
1625.0,61
1911.0,1
1911.0,4
2231.0,106
2231.0,71
49.0,17
1962.0,10
422.0,3
422.0,2
1750.0,41
1750.0,40
1750.0,52
1750.0,46
1750.0,47
1750.0,43
1750.0,42
1750.0,50
1750.0,39
1750.0,44
1750.0,49
1750.0,53
2032.0,103
442.0,93
1703.0,106
1703.0,71
2625.0,17
2625.0,58
2090.0,58
1809.0,17
1809.0,17
128.0,5
128.0,107
128.0,63
128.0,110
128.0,80
128.0,100
647.0,17
69.0,17
2174.0,67
2174.0,69
2174.0,97
1161.0,45
1141.0,17
1994.0,106
1994.0,71
2065.0,1
2065.0,2
2065.0,0
2065.0,3
2065.0,4
2568.0,27
1378.0,99
1378.0,70
1378.0,101
1378.0,106
1378.0,103
405.0,9
405.0,8
405.0,6
405.0,7
2058.0,1
2058.0,4
2058.0,3
2058.0,2
2058.0,5
2058.0,0
694.0,7
694.0,9
694.0,8
1507.0,45
1507.0,48
1507.0,42
1507.0,46
1507.0,52
1507.0,50
1507.0,44
1507.0,47
1507.0,41
1507.0,51
1507.0,40
1507.0,39
1507.0,53
1507.0,49
2637.0,25
2298.0,111
2367.0,17
2431.0,99
1465.0,46
1465.0,51
1465.0,42
1465.0,47
1465.0,43
1465.0,40
1465.0,48
1465.0,41
1465.0,52
1465.0,50
1465.0,49
1465.0,44
1465.0,45
90.0,24
90.0,26
90.0,23
90.0,25
2636.0,108
161.0,17
490.0,95
490.0,55
1901.0,1
1346.0,94
1346.0,95
1346.0,55
1037.0,55
1037.0,94
2500.0,29
2500.0,14
1314.0,58
43.0,101
43.0,99
281.0,99
2829.0,69
2829.0,66
2829.0,67
2829.0,68
2377.0,61
1635.0,61
1635.0,59
1635.0,60
217.0,61
2020.0,4
2020.0,1
2020.0,3
2585.0,17
1792.0,103
1792.0,99
2192.0,107
2574.0,17
2476.0,99
2476.0,101
2193.0,2
2388.0,100
2388.0,61
282.0,58
282.0,17
1884.0,62
1884.0,109
866.0,70
866.0,103
866.0,99
866.0,106
479.0,56
22.0,110
22.0,100
22.0,63
22.0,107
22.0,5
22.0,80
2340.0,111
2099.0,4
2099.0,3
2099.0,1
946.0,106
946.0,71
2310.0,65
2310.0,65
1753.0,10
852.0,5
852.0,63
852.0,110
852.0,107
1406.0,95
1406.0,55
1406.0,94
2304.0,66
2304.0,66
2304.0,67
2304.0,67
2304.0,69
2304.0,68
2304.0,68
2304.0,69
1444.0,68
1444.0,66
1444.0,68
1444.0,69
1444.0,69
1444.0,67
1444.0,67
1444.0,66
967.0,71
967.0,106
872.0,0
872.0,65
1016.0,55
1016.0,94
1016.0,95
1425.0,101
1425.0,99
1146.0,17
1379.0,55
1379.0,94
2070.0,99
557.0,52
2747.0,27
2007.0,107
2408.0,26
2462.0,17
2462.0,55
1868.0,1
1868.0,4
1868.0,64
2820.0,59
2820.0,61
2820.0,60
