ctm_new_id,pdt_new_id
0,0
1,1
2,2
3,3
4,4
5,5
6,6
7,7
8,8
9,9
10,10
11,11
12,12
12,13
13,4
14,14
15,15
16,16
17,17
18,18
19,19
20,20
21,21
22,22
23,23
24,24
25,25
26,26
27,27
28,28
29,29
30,30
31,31
32,32
33,33
34,34
35,35
36,36
37,37
38,38
39,39
40,40
41,41
42,42
43,43
44,44
45,45
46,46
47,47
48,38
49,48
50,49
51,50
52,51
53,52
54,53
55,54
56,55
57,56
58,57
59,58
60,59
61,60
62,61
63,62
64,63
65,64
66,65
67,66
68,67
69,68
70,69
71,70
72,71
73,72
74,73
75,74
76,75
77,76
78,77
79,78
80,79
81,80
82,81
83,82
83,83
84,84
85,85
86,86
87,87
88,88
89,89
90,90
91,91
92,92
93,93
94,94
95,95
96,96
97,97
98,98
99,99
100,100
101,101
102,80
103,102
103,103
104,104
105,105
106,106
107,107
108,108
109,109
110,110
111,111
112,112
113,113
114,49
115,114
116,115
117,116
118,117
119,118
120,119
121,120
122,121
123,122
124,123
125,124
126,125
127,126
128,127
129,128
130,129
131,130
132,131
133,132
134,133
135,134
136,117
137,135
138,136
139,38
140,137
141,138
142,139
143,140
144,66
145,141
146,142
147,143
7,144
148,145
149,146
150,147
151,148
152,149
153,150
154,151
155,152
156,153
157,109
158,154
159,155
160,156
161,157
162,158
163,159
164,160
165,161
166,162
167,163
168,164
169,165
170,166
171,167
172,168
173,169
174,170
175,171
176,172
177,173
178,174
179,175
180,176
181,177
182,178
183,179
184,180
185,181
186,182
187,183
181,184
188,185
189,186
190,187
191,188
192,189
193,190
194,191
195,192
196,193
197,194
198,195
199,196
200,197
201,198
202,199
203,200
204,201
205,202
206,203
207,204
208,205
209,206
210,207
211,208
212,209
213,210
214,161
215,211
216,212
217,213
218,214
219,51
220,215
221,216
222,100
223,217
224,180
225,218
226,219
227,220
228,221
229,222
230,223
231,224
232,225
233,226
234,227
235,228
236,229
237,230
238,231
239,232
240,233
241,234
242,235
243,236
244,237
245,238
246,239
247,240
248,241
249,242
250,243
251,244
252,245
253,160
254,246
255,247
256,248
257,249
258,250
259,251
260,252
261,74
262,253
263,254
264,255
265,256
266,257
267,211
268,258
269,259
270,260
271,92
272,261
273,262
274,263
275,264
276,265
277,266
278,267
279,268
280,244
281,269
282,270
283,271
284,272
285,273
286,4
287,274
288,275
289,276
290,277
291,278
292,279
293,280
294,281
295,282
296,283
297,284
298,285
299,286
300,287
301,288
302,248
302,209
303,289
304,290
305,291
306,292
307,293
308,294
309,295
310,296
311,297
312,298
313,299
314,300
315,301
316,302
317,303
318,304
319,305
320,306
321,307
322,308
323,309
324,310
325,311
326,312
327,313
328,314
329,315
330,316
331,317
332,318
333,319
334,320
335,321
336,322
337,323
338,324
339,325
340,326
341,327
342,328
343,329
344,330
345,331
346,332
347,333
348,334
349,335
350,245
351,22
352,336
353,337
354,338
355,339
356,340
357,341
358,247
359,342
360,285
361,343
362,344
363,345
364,346
365,347
366,115
367,348
368,349
369,325
370,350
371,351
372,352
373,353
374,354
375,355
376,356
377,357
378,358
379,359
380,360
381,361
382,362
383,363
384,364
385,365
386,366
387,252
388,247
389,367
390,368
391,93
392,369
393,370
394,371
395,372
396,373
397,168
398,374
399,375
400,376
401,377
402,378
403,379
404,380
405,381
406,382
407,383
408,384
409,329
410,385
411,386
412,387
413,388
414,389
415,390
416,391
417,392
418,393
419,10
420,394
421,323
422,395
423,396
424,397
425,398
426,399
427,400
428,401
429,402
430,403
431,404
432,405
433,406
434,407
435,408
436,409
437,74
438,410
439,411
440,412
441,413
442,414
443,45
444,415
445,410
446,380
447,416
448,417
449,418
450,22
451,419
452,60
453,420
454,322
455,421
456,422
457,423
458,424
459,425
460,426
461,409
462,427
463,428
464,429
465,430
466,431
467,45
468,432
469,433
470,411
471,434
472,435
473,436
474,437
475,438
476,353
477,439
478,75
479,440
480,441
481,442
482,385
483,443
484,444
485,405
486,229
487,445
488,446
489,447
490,448
491,449
492,140
493,450
494,451
495,452
496,453
497,454
498,455
499,64
500,456
501,457
502,458
503,459
504,460
505,461
506,462
507,463
508,464
509,465
510,466
511,467
512,468
513,209
514,469
515,470
516,420
517,471
518,205
519,472
520,473
521,474
522,385
523,475
524,411
525,476
526,460
527,477
528,478
529,479
530,480
531,481
532,482
533,483
534,484
535,485
536,209
537,486
538,487
539,488
540,489
541,490
542,491
543,420
544,492
197,493
545,129
546,494
547,495
548,496
549,497
550,498
551,499
552,500
553,398
554,501
555,502
556,503
557,504
558,505
559,506
560,507
561,508
158,509
562,510
563,511
564,512
565,80
566,513
567,514
568,515
569,467
570,516
571,517
572,518
573,519
574,520
575,521
576,522
577,208
578,523
579,524
580,525
581,395
582,526
583,244
584,527
585,528
586,529
587,530
588,531
589,532
590,381
591,533
592,534
593,535
594,536
595,537
596,538
597,539
598,540
599,541
600,542
601,526
602,543
603,544
604,545
605,546
606,547
607,486
608,548
609,549
610,550
611,551
612,552
613,553
614,554
615,395
616,555
617,556
618,557
619,235
620,558
621,559
622,365
623,560
624,561
624,562
625,563
626,564
288,565
627,566
628,567
629,61
630,438
631,568
632,569
633,570
634,571
635,182
636,572
637,573
638,574
639,575
640,576
641,577
642,236
643,578
644,345
645,579
646,489
647,580
648,581
649,582
650,583
651,584
652,585
653,569
654,586
655,587
656,588
657,589
658,590
659,591
660,592
661,593
662,594
663,343
664,595
665,596
666,420
667,597
668,598
669,599
670,600
671,601
672,397
673,602
674,603
675,604
676,605
677,606
678,182
679,607
680,89
681,608
682,309
683,609
684,610
685,611
686,612
687,399
688,200
689,28
690,613
691,614
692,615
693,222
694,616
695,617
696,618
697,619
698,620
699,621
700,622
701,623
702,624
703,625
704,626
705,627
706,628
707,629
708,630
709,631
710,632
711,633
712,634
713,125
714,635
715,636
716,116
717,637
718,638
719,493
720,639
721,639
722,640
723,641
724,601
725,642
726,486
727,456
728,246
729,525
730,643
731,325
732,644
733,645
734,646
735,647
736,648
737,395
738,319
739,593
740,649
741,650
742,651
743,649
744,652
745,653
746,654
747,655
748,656
749,657
750,658
751,659
752,660
753,661
754,662
755,663
756,664
757,665
758,302
759,666
760,438
761,667
762,668
763,245
764,389
765,180
766,669
767,670
768,671
769,467
770,672
771,10
772,673
773,674
774,187
775,675
776,438
777,676
778,677
779,678
780,363
780,679
781,680
782,446
783,681
784,682
785,45
786,683
787,684
788,415
789,546
790,551
791,511
792,685
793,619
794,628
795,342
796,686
797,687
797,688
798,689
799,690
800,691
801,692
802,693
803,694
804,109
805,695
806,353
807,696
808,132
809,697
810,464
811,698
812,699
813,602
814,700
815,701
816,702
817,180
818,703
819,704
820,705
821,706
822,707
823,438
824,560
825,708
826,709
827,710
828,711
829,712
830,169
831,713
832,714
833,715
834,119
835,716
836,398
837,528
838,717
839,380
840,718
841,121
842,719
843,249
844,720
845,236
846,721
847,722
848,117
849,417
850,723
851,724
852,725
853,726
854,727
855,728
856,729
857,730
858,731
859,555
860,732
861,656
862,733
863,424
864,734
865,735
866,736
867,737
868,738
869,119
870,341
871,739
872,459
873,740
874,741
875,742
876,743
877,744
878,745
879,567
880,746
881,357
882,486
883,747
884,748
885,749
886,750
887,706
888,751
889,752
890,753
891,754
892,381
892,755
893,756
894,757
895,758
896,759
897,380
898,760
899,761
900,762
901,763
902,764
903,765
904,766
905,730
906,413
907,767
908,768
909,581
910,769
911,348
912,770
913,771
914,772
915,773
916,774
917,318
918,775
919,613
920,776
921,777
922,778
923,779
924,248
925,602
926,780
927,781
928,782
929,308
930,783
931,228
932,784
933,785
934,661
935,786
936,669
937,567
938,611
939,787
940,788
941,789
942,441
943,790
944,791
945,792
946,235
947,793
948,363
949,794
300,795
950,796
951,797
952,798
953,799
954,800
955,284
956,801
957,585
958,798
959,802
960,803
961,804
962,805
963,313
964,806
965,788
966,807
967,808
968,809
969,810
970,811
971,367
972,380
973,639
974,581
975,340
976,812
977,813
978,814
979,663
980,762
981,815
982,698
983,655
984,816
985,817
986,818
987,819
988,820
989,821
300,822
990,823
990,824
990,718
991,825
992,609
993,705
994,826
995,499
996,827
997,828
998,511
999,282
1000,397
1001,287
1002,829
1003,467
1004,830
1005,831
1006,832
1007,833
1008,180
1009,834
1010,835
1011,836
1012,837
1013,838
1014,548
1015,839
1016,840
1017,841
1018,842
1019,308
1020,843
1021,499
1022,844
1023,845
1024,846
1025,847
1026,848
1027,849
1028,850
1029,363
1030,851
1031,852
1032,853
1033,45
1034,100
1035,794
1036,854
1037,809
1038,357
1039,855
1040,721
1041,856
1042,857
1043,858
1044,381
1045,859
1046,688
1047,860
1048,861
1049,862
1050,863
1051,864
1052,602
1053,175
1054,726
1055,287
1056,865
502,639
1057,866
1058,218
1059,867
1060,606
1061,868
1062,869
1063,343
1064,870
1065,871
1066,872
1067,873
1068,874
1069,875
1070,876
1071,877
1072,878
1073,879
1074,880
1075,881
1076,882
1077,883
1077,115
1078,884
1079,885
1080,235
1081,886
1082,887
1083,888
1084,889
1085,890
1086,891
1087,801
1088,892
1089,893
1090,894
1091,895
1092,896
1093,897
1094,474
1095,82
1096,741
1097,898
1098,899
1099,900
1100,901
1101,902
1102,903
1103,904
979,905
1104,906
1105,545
1106,662
1107,907
1108,908
1109,317
1110,675
1111,497
774,909
1112,148
1113,545
1114,910
1115,645
1116,911
1117,912
1118,913
1119,914
1120,876
1121,915
1122,916
1123,590
1124,917
1125,382
1126,918
1127,865
1128,229
1129,906
1130,489
1131,919
1132,482
1133,920
1134,921
1135,922
1136,923
1137,661
1138,497
1139,924
1140,925
1141,926
1142,467
1143,927
1144,905
1145,99
1146,270
1147,928
1148,790
1149,666
1150,929
1151,930
1152,908
1153,931
1154,932
1155,499
1156,82
1157,933
1158,385
1159,934
1160,935
1161,936
1162,908
1163,937
1164,938
1165,939
1166,260
1167,940
1168,801
1169,21
1170,941
1171,942
1172,588
1173,943
1174,944
1175,945
1176,913
1177,946
1178,658
1169,511
1179,947
1180,911
1181,430
1182,846
1183,645
1184,948
1185,949
1158,950
1186,179
1187,951
1188,952
1189,953
1190,954
1191,955
1192,892
1193,956
1194,957
1195,958
1196,959
1197,807
1198,493
1199,960
1200,961
1201,962
1202,511
1203,776
1204,963
1205,430
1206,928
1207,964
1208,965
1209,889
1210,966
1211,967
1212,74
1213,968
1214,969
1215,970
1216,971
1217,972
1218,493
1219,334
1220,823
1221,973
1222,923
1223,974
1224,975
1225,976
1226,977
1227,308
1228,771
1229,978
1230,979
1231,361
1232,593
1233,980
1234,635
1235,981
1236,738
1237,935
1238,982
1239,983
1240,984
1241,985
1242,986
1243,987
1244,63
1245,988
1246,989
1247,907
445,990
1248,653
1249,991
1250,663
1251,992
1252,993
1253,994
1254,995
1255,698
1256,438
1257,996
1258,997
1259,998
1260,317
1261,666
1262,999
1263,1000
1264,639
1265,1001
1266,1002
1267,1003
1268,1004
1269,1005
1270,1006
1271,645
1272,1007
1273,80
1274,1008
1275,1009
1276,1010
1277,525
1278,906
1279,1011
1280,1012
1281,1013
1282,1014
1283,1015
1284,1016
1285,794
1286,1017
1287,1018
1288,1019
1289,1005
1290,28
1291,1020
1292,1021
1293,1022
1294,1023
1295,1024
1296,878
1297,1025
1298,1026
1299,1027
1300,1028
1301,1029
1302,277
1303,467
1304,1030
1304,935
1305,662
1306,1031
1294,1032
1307,1033
1308,647
1309,918
1310,478
1311,1034
1312,1035
1313,1036
1314,197
1315,1037
1316,893
1317,1038
1318,714
1319,1039
1320,165
1321,245
1322,1040
1323,1041
1324,854
1325,1042
1326,1043
1327,1044
1328,1045
1329,1046
1330,1047
1331,576
1332,1048
1333,1049
1334,972
1335,477
1336,1050
1337,721
1338,380
1339,1051
1340,1052
1341,1053
1342,1054
1343,969
1344,343
1343,1055
1345,1056
1346,1057
1347,1058
1348,1059
1349,1060
1350,771
1351,1061
1352,119
1353,1062
1354,1063
1355,1064
1356,789
1357,1065
1358,474
1359,1066
1360,1067
1361,1068
1362,1069
1363,1070
1364,852
1365,545
1366,1071
1367,649
1368,902
1369,43
1370,1004
1371,840
1372,591
1373,996
1374,216
1375,1072
1376,243
1377,1073
1378,165
1379,1074
1380,987
1381,1075
1382,1038
1383,1076
1384,933
1385,1077
1386,576
1387,820
1388,220
1389,380
633,1078
1390,1079
1391,1080
1392,1081
1393,840
1394,404
1395,1056
1396,228
1397,1082
1398,1083
1399,852
1400,1084
1401,1085
1402,234
1386,353
1403,645
1404,701
1405,1086
1406,1087
1407,1088
1408,341
1085,1089
1409,259
1410,1090
1411,1091
1412,1092
1413,108
1414,1059
1415,1093
1416,1094
1417,1095
1418,1096
1419,1097
1420,1098
1421,480
1422,854
1423,1099
1424,1100
1425,413
1426,1101
1427,232
1428,741
1429,357
1430,1102
1431,1103
1432,1104
1433,1105
1434,1106
1435,1107
1436,1108
1437,1109
1438,1110
1439,905
1440,1111
1441,1112
433,380
1442,1113
1443,363
1444,1056
1445,922
1446,1114
1447,1115
1448,910
1449,236
1450,787
1451,980
1452,1080
1453,498
1454,1116
1455,245
1456,1117
1457,1118
1458,958
1459,622
1460,1119
1461,834
1462,1120
1463,1121
1464,1122
1465,380
1466,1123
1467,1124
1468,1080
1469,1125
1470,1126
1471,1127
1472,1128
1473,1129
1474,1130
1475,820
1476,1131
1477,1132
1478,1133
1479,1134
1480,578
1481,698
1482,43
1483,693
1484,1135
1485,1136
1486,1137
1487,923
1488,1138
1489,996
1490,649
1491,879
1492,144
1493,1139
1494,1080
1495,588
1496,380
1497,45
1498,499
1499,1140
1500,467
1501,1141
1502,1142
1503,1143
1504,1144
1505,248
1506,996
1507,1145
1508,1146
1509,761
1510,1147
1511,1148
1512,1149
1513,1150
1514,879
1515,1151
1516,793
1517,1152
1518,993
1519,1153
1520,364
1521,1154
1522,4
1523,1155
1524,625
1525,80
1526,277
1527,1156
1528,544
1529,1157
1530,536
1531,1070
1532,738
1533,5
1534,1158
1535,983
1536,1159
1537,1160
1538,995
1539,1161
1540,1080
1541,554
1542,1162
1543,1163
1544,364
1545,1164
1546,995
1547,1165
1548,63
1549,1166
1550,1167
1551,1168
1552,1169
1553,1044
1554,1170
1555,1171
1556,1172
1557,1173
1558,144
1559,818
1560,1174
1561,1175
1562,698
1563,1176
1564,267
1565,653
1566,1177
1567,1178
1568,1179
1569,1180
1570,1181
1571,431
1572,1182
1573,1183
1574,74
1575,342
1576,45
1577,575
1578,1184
1579,1185
1580,248
1581,467
1582,1186
1583,1080
1584,1036
1585,1080
1586,1187
1587,308
1588,1098
1589,882
1590,1042
1591,1080
1592,1188
1593,497
1594,168
1595,247
1596,1189
1597,1190
1598,996
1599,849
1600,1191
1601,1192
1602,698
1603,1193
1604,1194
1605,1195
1606,1196
1607,1197
1608,1131
1609,776
1610,277
1611,1198
1612,361
1613,1199
1614,117
1615,1200
1616,1201
1617,1202
1618,99
1619,1080
1620,36
1621,1080
1622,327
1623,1203
1624,1204
1625,1205
1626,1206
1627,10
1628,1207
1629,1039
1630,353
1631,1208
1632,1209
1633,1210
1634,1156
1635,1205
1636,467
1637,1001
1638,1211
1639,801
1025,1212
1640,1213
1641,832
1642,1214
1643,1080
1644,1215
1645,723
1646,141
1647,1116
1648,767
1649,1216
1650,1011
1651,956
1652,1217
1653,1203
1654,1218
1655,1219
1656,454
1657,168
1658,84
1659,202
1660,698
1661,1220
1662,1221
701,1222
1663,794
1664,1223
1665,575
1666,1224
1667,1225
1668,808
1669,1226
1670,536
1671,1054
1672,144
1673,1227
1674,987
1675,1228
1676,987
1677,1229
1678,1158
1679,560
1680,71
1681,1230
1682,622
1683,286
1684,1231
1685,1232
1686,1233
1687,1234
1688,474
1689,1235
1690,225
1691,836
1692,109
1693,6
1694,1236
1695,499
1696,1237
1697,1238
1698,1011
1699,236
1700,1239
1701,1240
1701,1241
1702,717
1703,793
1704,1242
1705,1243
1706,1244
1707,602
1708,1100
1709,1245
1710,1208
1711,275
1712,1246
1713,80
1714,342
1715,1247
1716,740
1717,981
1718,1248
1719,430
1720,1233
1721,194
1722,1080
1723,1052
1724,1249
1725,402
1726,972
1727,1023
1728,1250
1729,1251
1730,649
1731,904
1732,1079
1733,1252
1734,430
1735,481
1736,908
1737,1253
1738,1254
1739,486
1740,1252
1741,1255
1742,1185
1743,1245
1744,1256
1745,1257
1746,1258
1747,689
1748,1259
1749,1260
1750,1261
1751,1080
1752,1262
1753,628
1754,117
1755,1263
1756,1264
1757,489
1758,811
1759,528
1760,1265
1761,1266
1762,1267
1763,1268
1764,1269
1765,1270
1766,1271
1767,588
1768,1272
1769,1273
1770,928
1771,849
1771,890
1772,1274
1773,1275
1774,1276
1775,1061
1776,1277
1777,1278
1778,760
1779,1279
1780,120
1780,622
1781,642
1782,690
1783,1175
1784,698
1785,1280
1786,1281
1787,161
1788,438
1789,1282
1790,1283
1791,1106
1792,1284
1793,253
1794,1285
1795,698
1796,1286
1797,1287
1798,1288
1799,1289
1800,434
1801,662
1802,1290
1803,600
1804,1291
1805,467
1806,528
1807,655
1808,1292
1809,1293
1810,1245
1811,718
1812,1294
1813,45
1814,1295
1815,1296
1816,897
1817,1297
1818,935
1819,1298
1820,1299
1821,996
1822,1300
1823,1185
1824,1301
1825,1302
1826,682
1827,891
463,1303
1828,968
1829,1304
1830,869
1831,1305
1832,861
1833,858
1834,451
1835,1306
1836,74
1837,1307
1838,1308
1839,528
1840,500
1841,1166
1842,1309
1843,1310
1844,560
1845,1080
1846,344
1847,1311
1848,1312
1849,1313
1850,1314
1851,698
1852,1315
1853,662
1854,1284
1855,1316
1856,1317
1857,1318
1858,1319
1859,1320
1860,717
1861,721
1862,1321
1863,1151
1864,438
1865,563
1866,370
1867,481
1868,661
1869,511
1870,1257
1871,1322
1872,855
1873,244
1874,1323
1875,1324
1876,1325
1877,1326
1878,1327
1879,1210
1880,380
1881,693
1882,1328
1883,928
1884,1080
1885,1329
1886,1330
1887,293
1888,1331
1889,1332
1890,1333
1891,45
1892,1334
1893,1335
1894,1336
1895,1337
1896,1338
1897,452
1898,528
1899,1339
1900,1307
1901,661
1902,996
1903,1059
1904,1340
1905,248
1906,1341
1907,1080
1908,1342
1909,576
1910,1343
1911,677
1912,1344
707,1234
1913,1345
1914,1346
1915,1347
1916,1162
1917,1348
1918,1131
1919,1349
1920,1347
1921,1115
1922,1350
1923,1351
1924,1352
1925,1341
1926,1353
1927,1354
1928,1256
1929,1355
1930,1356
1931,1357
1932,1358
1933,1359
1934,793
1935,486
1936,1275
1937,1360
1938,1361
1939,1362
1940,1363
1941,1358
1942,355
1943,1364
1944,1365
465,1366
1945,1367
1946,740
1947,1191
1948,1368
1949,1369
1950,1370
1951,1001
1952,869
1953,1371
1852,180
1954,1170
1955,1372
1955,519
1956,1373
1957,264
1958,1374
1959,1375
1960,1376
1961,656
1962,1377
1963,1320
1964,1378
1965,404
1966,109
1967,427
1968,656
1969,1379
1970,1380
1971,74
1972,1381
1973,45
1974,1382
1975,1383
1976,1384
1977,935
1978,1245
1979,1385
1980,1386
1981,1387
1982,1388
1983,1389
1984,1390
1985,1391
1986,287
1987,1392
1988,397
1989,1393
1990,1394
1991,572
1992,1395
1993,253
1994,1396
1995,1397
1996,363
1997,1398
1998,572
1999,464
2000,807
2001,754
2002,869
2003,1260
2004,28
2005,1399
2006,1400
2007,1401
2008,1402
2009,1386
2010,1403
2011,375
2012,663
2013,229
2014,1404
2015,1405
2016,639
2017,1406
2018,1407
2019,963
2020,1408
2021,38
2022,543
2023,393
2024,1409
2025,754
2026,1410
2027,466
2028,705
2029,1411
2030,1412
2031,1079
2032,1413
2033,1414
2034,5
2035,1415
2036,1416
2037,51
2038,519
2039,1417
2040,430
2041,1418
2042,833
2043,430
2044,987
2045,1419
2046,1420
2047,1421
2048,1184
2049,1422
2050,1423
2051,1424
2052,499
2053,888
2054,45
2055,340
2056,1053
2057,380
2058,1425
2059,1080
2060,1426
2061,1427
2062,1428
2063,1429
2064,353
2065,1430
2066,1245
2067,317
2068,1080
2069,1431
2070,1432
2071,270
2072,1433
2073,438
1965,1434
2074,593
2075,1435
2076,434
2077,525
2078,987
2079,1436
2080,434
2081,329
2082,1437
2083,1438
2084,1439
2085,969
2086,385
2087,1440
2088,1441
2089,1087
2090,1442
2091,438
2092,987
2093,1443
2094,1115
2095,537
2096,1444
2097,1070
2098,1445
2099,1446
2100,1447
2101,1144
2102,645
2103,1448
2104,1449
2105,1450
2106,560
2107,982
2108,1451
2109,215
2110,1005
2111,1452
2112,1444
2113,1453
2114,501
2115,292
2116,1454
2113,1030
2117,1318
2118,89
2119,1030
1178,600
2120,138
2121,1455
1178,1456
2122,1457
2123,425
2124,1458
2125,7
2126,1428
2127,823
2128,1210
2129,237
2130,284
2131,1459
2132,1460
2133,1074
2134,1005
2135,928
2136,793
2137,1461
2138,1462
2139,243
2140,1325
2141,1463
2142,935
2143,6
2144,862
2145,1464
2146,798
2147,1390
2148,319
2149,528
2150,136
2151,875
2152,471
2153,489
2154,758
2155,1465
2156,1466
2157,490
2158,1080
2159,1467
2160,1468
2161,1469
2162,1470
2163,4
2164,1213
2165,935
2166,1471
2167,1472
2168,497
2169,100
2170,1473
2171,153
2172,1474
2173,1475
2174,1476
2175,1477
2175,1478
2176,38
2177,1479
2178,1080
2179,645
2180,1480
2181,173
2182,928
2183,1481
2184,381
2185,1149
2186,1418
2184,1108
2187,1482
2188,1483
2189,661
2190,1484
2191,1485
2192,1486
2193,1487
2194,1488
2195,109
2196,1489
2197,567
2198,32
2199,260
2200,1490
2201,632
2202,342
2203,156
2204,1491
2205,666
2206,1492
2207,682
2208,409
2209,398
2210,1117
2211,1273
2212,1493
2213,943
2214,462
2215,682
2216,260
2217,1494
2218,405
2219,1495
2220,115
2221,1496
2222,1497
2223,1072
2224,1498
2225,1499
2226,1500
2227,1452
2228,1501
2229,497
2230,93
2231,1502
2232,1053
2233,1503
2221,244
2234,1504
2235,381
2236,1251
2237,371
2238,497
2239,597
2240,1505
2241,1144
2242,901
2243,1506
2244,1507
2245,560
2246,305
2247,1508
2248,1509
2249,721
2250,1510
2251,1511
2252,1080
2253,1512
2254,824
2255,1513
2256,1514
2257,716
2258,1515
2259,1516
2260,382
249,823
2261,529
2262,1517
2263,1518
2264,1519
2265,1447
2266,1520
2267,1109
415,1521
2268,384
2269,1080
2270,193
2271,1522
2272,1523
2273,1524
2274,1078
2275,1525
2276,1526
2277,1527
2278,74
2279,817
2280,995
2281,194
2282,1528
2283,1529
2284,1530
2285,933
2286,497
2287,195
2288,1531
2289,1349
2290,663
2291,635
2292,698
2293,1532
2294,453
2295,1533
2296,1534
2297,1535
2298,497
2299,1228
2299,896
2300,180
2301,1188
2302,400
2303,526
2304,1379
2305,943
2306,1536
2307,743
2308,987
2309,1537
2310,1139
2311,928
2312,677
2313,1538
2314,1539
2315,1540
2316,1541
2317,1542
2318,1543
2319,1061
2320,1544
2321,1545
2322,602
2323,949
2324,1131
2325,381
2326,1546
2327,896
2328,385
2329,1547
2330,1548
2331,1024
2332,1549
2333,1550
2334,1551
2335,1191
2336,1093
2337,1552
2338,806
2339,1553
2340,1554
2341,1555
2342,1080
2343,1556
2344,67
2345,1557
2346,782
2347,1558
2348,793
2349,1559
2350,823
2351,1118
2352,1560
2353,1561
2354,1528
2355,823
2356,1562
2357,1563
2358,776
2359,597
2360,1011
2361,438
2362,74
2363,1564
2032,305
2364,1413
2365,617
2366,1565
2367,1566
2368,923
2369,1567
2370,24
2371,582
2372,385
2373,1568
2374,682
2375,1078
2376,1569
2377,1570
2378,1571
2379,414
2380,755
2381,1572
2382,560
2383,1573
2188,1574
2384,163
2385,1575
2386,1576
2387,1577
2388,1578
2389,381
2390,1579
2391,1580
2392,1581
2393,1582
2394,1583
2395,1584
2396,1585
2397,1586
2398,314
2398,1587
2399,688
2400,209
2401,1144
2402,628
2403,1464
2404,1588
2405,823
2406,1440
2407,1589
2408,500
904,1267
2409,1590
2410,928
2411,1591
2412,584
2413,917
2414,1440
2415,1263
2416,1592
2417,1593
2418,1594
2419,1595
2420,1596
2421,1597
2422,1598
2423,1599
2424,662
2425,1600
2426,1601
2427,1602
2428,1603
2429,286
2430,1604
2431,543
2432,1605
2433,1606
2434,1607
2435,590
2436,1080
2437,1608
2438,1609
2439,635
2440,300
2441,483
2442,51
2443,635
2444,1610
2443,1406
2445,993
2446,861
2447,364
2448,1556
2449,1611
2450,226
2451,1612
2452,526
2453,1613
2454,25
372,75
2455,1080
2456,1334
2457,136
2458,1614
2459,1615
2460,1616
2461,1617
2462,1556
2463,710
2464,776
2465,1303
2466,1248
2467,662
2468,1618
2469,1619
2470,1294
2471,5
2472,1080
2473,1620
2474,1621
2475,662
2476,713
2477,560
2478,1622
2479,1580
2480,1623
2481,1624
2482,380
2483,823
2484,1625
2485,1626
2486,602
2487,526
2488,480
2489,899
2490,1627
2491,1628
2492,1629
2493,597
2494,105
2495,1630
2496,1080
2497,32
2498,1631
2499,343
2500,1632
2501,10
2502,1622
2503,1633
2504,680
2505,1634
2506,905
2507,1635
2508,364
2509,635
2510,462
2511,1087
2512,896
2513,1636
2514,1630
2515,134
2516,1637
2517,843
1249,647
2518,684
2519,209
2520,204
2521,1638
2522,1639
2523,312
2524,1640
2525,1215
2526,1641
2527,1642
2528,1643
2529,1644
2530,1645
2531,1646
2532,1228
2533,1647
2534,343
2535,1648
2536,1649
2537,1650
2538,380
2539,1651
2540,236
2541,1483
2542,1652
2543,634
2544,645
2545,1653
2546,1654
2547,653
2548,141
2549,1655
2550,1656
2551,442
2550,1234
2552,1657
2553,1597
2554,1658
2555,1245
2556,1659
2557,114
2558,1014
2559,662
2560,1036
2561,1660
2562,746
2563,1245
2564,197
2565,1661
2566,381
2567,1662
2568,682
2569,1663
2570,286
2571,247
2572,1664
2280,1665
2573,1666
2574,1667
2575,1606
2576,528
2577,965
2578,43
2579,1668
2580,435
2581,1669
2582,1670
2583,1192
2583,1671
2584,528
2585,1672
2586,1594
2587,1673
2588,536
2589,1080
2590,308
2591,909
524,1674
2592,1087
2593,1675
2594,1676
2595,74
2596,1677
2597,1678
2598,1435
2599,1679
2600,1680
2601,1681
2602,1682
2603,705
2604,1410
2605,778
2606,1683
2607,1684
2608,859
2609,1685
2610,859
2611,1686
2612,1080
2613,1687
2614,928
2615,1688
2616,463
2617,80
2618,1689
2619,1690
2620,1691
2621,1692
2067,382
2622,1693
2623,1694
2624,1602
2625,1127
2626,1695
2627,749
2628,1696
2629,859
2630,1228
2631,100
2632,1697
2633,996
2634,1698
2635,1668
2636,1699
2554,1700
2637,1701
2638,209
2639,434
2635,896
2640,1702
2641,342
2642,80
2643,1220
2644,1703
2645,438
2646,1704
2647,991
2648,1080
2649,799
2650,1080
2651,440
631,1109
2652,639
2653,1705
2654,1706
2655,899
2656,1093
2657,1707
2658,1708
2659,58
2660,682
2661,1709
2662,1710
2663,1711
1969,1323
2664,1712
2665,1713
2666,299
2667,1679
2668,750
2669,1714
2670,1715
2671,1447
2672,1716
2673,240
2674,820
2675,944
2676,1115
2677,1717
2678,1718
2679,717
2680,1719
2681,1720
2682,76
2683,1721
2684,1722
2685,57
2686,21
2687,1129
2688,1723
2689,1724
2690,204
2691,1725
2692,1726
2693,1245
2694,987
2695,996
2696,1727
2697,1728
2698,1729
2699,106
1200,1730
2700,1731
2701,1117
2702,1732
2703,1733
2704,1734
2705,1735
2706,1736
2707,1737
2708,1638
2709,148
2710,1738
2711,1739
2712,418
2713,1740
2714,1707
2715,1741
2716,1742
2717,528
2718,1743
2719,1744
2720,10
2721,507
2722,1745
2723,1495
2724,1746
2725,1747
2726,1748
2727,1749
2728,1750
2729,1751
2730,188
2731,1752
2732,1604
2733,996
2734,1753
2735,688
2736,1754
2737,688
2738,1755
2739,1756
2740,1757
2741,1238
2742,1158
2743,1758
2744,570
2745,1759
2746,1549
2747,846
2748,248
2749,1760
2750,45
2751,980
2752,1119
2753,138
2754,109
2755,1761
2756,1762
2757,524
2758,1763
2759,146
2760,1764
2761,1327
2762,843
2763,36
2764,1600
2765,1765
2766,859
2767,1766
2768,1320
2769,666
687,1767
2770,1768
2771,1769
2772,1770
2773,1771
2774,1287
2775,1772
2776,1773
2777,1144
954,1774
2778,1775
2779,1383
2780,575
2781,1776
2782,639
2783,1777
2784,1778
2785,1053
2786,613
2787,1779
2788,1780
2789,1781
2790,1782
2791,997
2792,198
2793,1486
2794,1783
2795,1784
2796,1454
2797,1785
1294,639
2798,1786
2799,1787
2800,1788
2801,1789
2802,1790
2803,1791
2804,1079
2805,381
2806,1792
2807,1793
2808,1794
2809,1125
2810,591
2811,1549
2812,1795
2813,1796
2814,312
2815,731
2816,954
2817,1797
2818,1769
2819,1798
2820,1799
2821,499
2822,1800
2823,1801
2824,1802
2825,639
2826,992
2827,1803
2828,1804
2829,270
2830,1393
2831,1316
2832,1805
2833,658
2834,1806
2835,1049
2836,1807
2837,1808
2838,1809
2838,1810
2839,1811
2840,1812
2841,379
2842,1813
2843,1814
2844,158
2845,1813
2846,1470
2847,1815
2848,1816
2849,900
2850,1817
2851,1818
2852,1819
2853,1820
2854,97
2855,1821
2856,795
2857,1822
2858,1823
2859,1507
2860,1552
2861,1824
2862,1539
2863,1825
2864,1764
2865,1826
2866,1827
2867,1828
2868,1829
2869,1409
2870,1830
2871,943
2872,1831
2873,811
2874,329
2875,1832
2876,1833
2877,1834
2878,1604
2879,1835
2880,820
2881,332
2882,1836
2883,1772
2884,474
2885,1451
2886,1837
2887,507
2888,38
2889,1168
2889,381
2890,1838
2891,1839
2892,59
2893,582
2894,636
2895,1840
2896,1841
2897,1842
2898,261
2899,1843
2900,1844
2901,1845
2902,285
2903,667
2904,1080
2905,1845
2906,1846
2907,1847
2908,1080
2909,1848
2910,1849
2911,1850
2912,1851
2913,1690
2914,1852
2915,1853
2916,1854
2917,1855
2918,1856
2919,1857
2920,1858
2921,1859
2922,1860
2923,572
2924,1167
2925,755
2926,717
2927,1607
2928,1861
2929,1622
2930,1862
2931,858
2932,1863
2933,1864
2934,755
2935,1865
2936,990
2937,1866
2938,1080
2939,1080
2940,347
2941,1867
2942,1080
2943,1622
2944,496
2945,396
2946,1868
2947,1869
2948,755
2949,1870
2950,1871
2951,1872
2952,1873
2953,1874
2954,1875
2955,1080
2956,284
2957,218
2958,1876
2959,1080
2960,1877
2961,576
2962,1385
2963,474
2964,1878
2965,1877
2966,1175
2967,1080
2968,1879
2969,1880
2970,1607
2971,1634
2972,1080
2973,576
2974,1881
2975,1882
2976,1080
2977,1883
2978,1884
2979,598
2980,340
2981,1885
2982,1886
2983,1887
2984,1871
2985,717
2986,67
2987,1080
2988,1292
2989,63
2990,1877
2991,1888
2992,1889
2993,1890
2994,969
2995,1891
2996,417
2997,1892
2998,1847
2999,1893
3000,1236
3001,168
3002,1730
3003,1894
3004,1895
3005,1877
3006,1793
3007,1896
3008,414
3009,1080
3010,1080
2019,1897
3011,1080
3012,1080
3013,1451
3014,1898
3015,1899
3016,1900
3017,670
3018,1901
3019,1370
3020,496
3021,1902
3022,40
3023,1903
3024,1904
3025,1905
3026,967
3027,1906
3028,714
3029,1907
3030,1908
3031,1909
3032,1910
3033,1911
3034,1912
3035,1913
3036,1914
3037,1915
3038,1916
3039,1917
3040,1918
3041,720
3042,946
3043,1919
3044,1920
3045,1921
3046,1922
3047,1923
3048,1924
3049,1913
3050,1875
3051,1363
3052,778
3053,1925
3054,583
3055,1926
3056,1927
3057,1928
3058,1871
3059,1929
3060,956
3061,965
3062,1930
3063,1931
3064,549
3065,617
3066,1932
3067,1886
3068,600
3069,1080
3070,1080
3071,1933
3072,1934
3073,1080
3074,1935
3075,1936
3076,1937
3077,1593
3078,1938
3079,1939
3080,1940
3081,139
3082,746
3083,1941
3084,1942
3085,150
3086,1922
3087,1943
3088,340
3088,1914
3089,1944
3090,1945
3091,1946
3092,1880
3093,1607
3094,1080
3095,1201
3096,1947
3097,1948
3098,1949
3099,468
3100,1950
3101,602
3102,231
3103,1951
3104,448
3105,1276
3106,1522
3107,1434
3108,1952
3109,1953
3110,1954
3111,1955
3112,1868
3113,1956
3114,179
3115,1913
3116,1957
3117,967
3118,1849
3119,1958
3120,1959
3121,1960
3122,474
3123,1961
3124,1962
3125,1963
3126,1895
3127,1964
3128,1965
3129,131
3130,1966
3131,1967
3132,1968
3133,1074
3134,1969
3135,1970
2459,260
3136,1403
3137,576
3138,1971
3139,956
3140,1903
3141,1972
3142,1973
3143,1533
3144,1974
3145,51
3146,396
3147,1975
3148,1464
3149,1863
3150,1897
3151,1976
3152,1977
3153,1978
3154,366
3155,396
3156,1979
3157,1186
3158,946
3159,1980
3160,1981
3161,1982
3162,1983
3163,1984
3164,718
3165,1917
3166,1954
3167,1985
3168,1986
3169,1987
3170,1988
3171,1989
3172,1990
3173,1292
3174,1991
3175,168
3176,33
3177,1992
3178,1766
3179,1993
3180,1994
3181,1995
3182,1996
3183,1175
3184,1903
3185,1997
3186,1998
3187,1994
3188,1999
3189,2000
3190,2001
3191,195
3192,2002
3193,2003
3194,2004
3195,1403
3196,2005
3197,2006
3198,2007
3199,2008
3200,2009
3201,697
3202,2010
3203,2011
3204,2012
3205,2013
3206,2014
3207,404
3208,2015
3209,2016
3210,2017
3211,1863
3212,2018
3213,909
3214,2019
3215,63
3216,2020
3217,2021
3218,2022
3219,582
3220,2009
3221,2023
3222,1991
3223,1955
3224,1236
3225,2024
3226,1880
3227,967
3228,2025
3229,2026
3230,2027
3231,1994
3232,1469
3233,404
3234,2028
3235,778
3236,2029
3237,2030
3238,2031
3239,600
3240,2032
3241,2033
3242,2034
3243,2035
3244,922
3245,1080
3246,597
3247,1354
3248,2036
3249,1080
3250,2037
3251,2038
3252,2039
3253,1871
3254,2040
3255,2041
3256,2042
3257,2043
3258,1080
3259,2044
3260,2045
3261,2046
3262,2047
3263,277
3264,1080
3265,589
3266,2048
3267,2049
3268,2050
3269,396
3270,2051
3271,1764
3272,2052
3273,720
3274,589
3275,2053
3276,774
3277,2054
3278,1961
3279,2055
3280,2056
3281,1404
3282,106
3283,2057
3284,2058
3285,1292
3286,802
3287,1367
3288,2059
3289,2060
3290,2061
3291,2062
3292,2063
3293,907
3294,2064
3295,1982
3296,845
3296,2065
3297,1798
3297,2066
3298,2067
3299,620
3300,1434
3301,2068
3302,2069
3303,2070
3304,2071
3305,1762
3306,2072
3307,2073
3308,1772
3309,2074
3310,18
3311,2075
3312,2076
3313,2077
3314,2078
3315,2079
3316,1080
3317,642
3318,1909
3319,824
3320,2080
3321,800
3322,1897
3323,1376
3324,2081
3325,2082
3326,277
3327,2083
3328,2084
3329,2085
3330,1634
3331,1942
3332,2068
3333,2086
3334,2087
3335,755
3336,1607
3337,2088
3338,2089
3339,1896
3340,2090
3341,2091
3342,2092
3343,1080
3344,569
3345,63
3346,1764
3347,2093
3348,2094
3349,2095
3350,388
3351,2096
3352,2097
880,2098
3353,2099
3354,2100
3355,2101
3356,2102
3357,2103
3358,1175
3359,2104
3360,2105
3361,1828
3362,2106
3363,1080
3364,2073
3365,991
3366,168
3367,2107
3368,1668
3369,1014
3370,2108
3371,2109
3372,448
3373,2110
3374,168
3375,803
3376,2111
3377,1804
3378,1175
3379,2034
3380,1370
3381,452
3382,49
3383,2112
3384,802
3385,2113
3386,2114
3387,2115
3388,1080
3389,2116
3390,2034
3391,859
3391,2117
3392,2118
3393,2020
3394,1367
3395,2119
3396,2120
3397,2121
3398,1982
3399,2122
3400,1080
3401,2123
3402,2124
3403,1696
3404,2125
3405,1707
3406,2126
3407,597
3408,2127
3409,2128
3410,2071
3411,1271
3412,2129
3413,1593
3414,2130
3415,2131
3416,2132
3417,1279
3418,2133
3419,279
3420,2134
3421,481
3422,2135
3423,2136
3424,2137
3425,2138
3426,2137
3427,2139
3428,2140
3429,1947
3430,2141
3431,1376
3432,1894
3431,2142
3340,2143
65,2144
3433,1901
3434,2145
3435,855
3436,922
3437,2084
3438,1819
3439,732
3440,1265
3441,2146
3442,1863
3353,2147
3443,1175
3444,2148
3445,2149
3446,2101
3447,2150
3448,2151
3449,936
3450,2152
1554,1884
3451,2153
3452,4
3453,2154
3454,2155
3455,2156
3456,1197
3457,1736
3458,2157
3459,2158
3460,2159
3461,63
3462,1250
3463,2160
3464,402
3465,277
3466,2161
3467,1821
3468,2162
3469,2163
3470,400
3471,2102
3472,2164
3473,2165
3474,1821
3475,589
3476,1082
3477,2166
3478,1322
3479,1863
3480,2061
3481,2167
3482,2168
3483,2169
3484,2170
3485,2171
3486,2172
3487,2173
3488,2174
3489,2175
3490,1229
3491,2176
3492,2101
3493,2177
3494,680
3495,2178
3496,2179
3497,2180
3498,163
3499,2181
3500,2182
3501,1828
3502,2183
3503,2184
3504,2185
3505,922
3506,602
3507,956
3508,859
3509,2186
3510,1434
3511,2187
3512,1080
3513,2188
3514,2189
3515,1772
3516,1819
3517,2190
3518,1049
3519,755
3520,1980
3521,2191
3522,2192
3523,2193
3524,2194
3525,2071
3526,2195
3527,2196
3528,2197
3529,2144
3530,2198
3531,2199
3532,108
3533,328
3534,2200
3535,2043
3536,1764
3537,1994
3538,1982
3539,1239
3540,838
3541,2201
3542,1467
3543,1128
3544,1863
3545,2202
3546,2203
3547,1307
3548,2204
3549,2205
3550,2206
3551,1907
3551,2207
3552,2208
3553,1109
3554,1944
3554,1080
3555,2209
3556,969
3557,2130
3558,2210
3559,114
3560,504
3561,2211
3562,1766
3563,2212
3564,2213
3564,2214
3565,2215
3566,2138
3567,2216
3568,2217
3569,2218
3570,2219
3571,2220
3572,1175
3573,2172
3574,2099
3575,410
3576,2221
3577,2222
3312,2223
3578,2185
3579,2193
3580,2224
3581,1080
3582,292
3583,2225
3584,2226
3585,1275
3586,2227
3587,1117
3588,2228
3589,802
3590,2229
3591,2230
3592,2231
3593,2232
3594,119
3595,2233
3596,532
3597,914
3598,2155
3599,2234
3600,723
3601,2034
3602,2235
3603,2236
3604,2237
3605,2238
3606,2239
3607,2240
3608,2211
3609,2241
3610,2242
3611,2243
3612,1948
3613,63
3614,2244
3615,337
3616,2234
3617,1942
3618,229
3619,180
3620,1437
3621,2245
3622,2246
3623,1678
3624,2247
3625,2248
3626,2145
3627,2077
3628,2249
3629,2250
3630,2199
3631,2251
3631,1292
3632,388
3633,177
3634,1772
3635,1984
3636,228
3637,2252
3638,2253
3639,1990
3640,2254
3641,1941
3642,2255
3643,2256
3644,2257
3642,2130
3645,2258
3646,2259
3647,122
3648,1772
3649,2260
3650,2261
3651,2262
3652,1192
3653,2263
3654,2264
3655,1307
3656,2265
3657,2266
3658,2267
3659,2268
3660,2269
3661,824
3662,2270
3663,2271
3664,80
3665,2272
3666,717
3667,180
3668,2273
3669,2274
3670,2275
3671,73
3671,443
3672,231
3673,2276
3674,2277
3675,2278
3676,1265
3677,1765
3678,1685
3679,2279
3680,2280
3681,2281
3682,2282
3683,2283
3684,2284
3685,2285
3686,2286
3687,2287
3688,2206
3689,342
3690,2288
3691,208
3692,2289
3693,636
3694,2054
3695,2290
3696,2291
3697,544
3698,2292
3699,967
3700,438
3701,2293
3702,2294
3703,2295
3704,1348
3705,1279
3706,1932
3707,73
3708,2296
3709,1769
3710,2297
3711,2298
3712,2299
3713,2300
3714,38
3715,2301
3716,1382
3717,2302
3718,468
3719,2303
3720,828
3721,1472
3722,2158
3722,2304
3723,6
3724,2023
3725,2305
3726,2306
3727,2307
3728,2308
3729,2309
3730,2310
3731,1336
3732,1385
3733,2311
3734,589
3735,1971
3736,2312
3737,1440
3738,2313
3739,2314
3740,2315
3741,204
3742,708
3743,2316
3744,2317
3745,2022
3746,2318
3747,106
3748,1526
3749,2319
3750,1241
3751,2320
3752,2321
3753,2130
3754,1992
3755,2322
3756,2323
3757,7
3758,711
3759,2324
3760,1279
3761,2325
3762,228
3763,2326
3764,319
3765,2327
3766,350
3767,2266
3312,2328
3768,2329
3769,768
3770,2187
3771,2330
3772,2331
3773,1154
3774,2332
3775,2333
3776,2334
3777,2335
3778,2336
3779,384
3780,2337
3781,2338
3782,1864
3783,2295
3784,2339
3785,2164
3786,212
3787,2244
3788,2340
3789,2341
3790,2071
3791,1990
3792,2342
3793,576
3794,2212
3795,2343
3796,2344
3797,2345
3462,802
3798,45
3799,2346
3800,2347
3801,1229
3801,2348
3802,2349
3803,410
3804,2023
3805,2350
3806,410
3807,1766
3808,2351
3809,2352
3810,1954
3811,1313
3812,2014
3813,2353
3814,232
3815,2201
3816,2116
3817,2052
3818,2354
3819,2176
3820,2264
3821,1613
3822,2355
3823,1735
3818,2356
3824,2357
3825,2358
3826,2359
3827,2360
3828,73
3829,2358
3830,1925
3831,2361
3832,2056
3833,2362
3833,263
3834,1776
3835,1916
3836,2363
3837,732
3838,2364
3839,2365
3840,1444
3841,2366
3842,2367
3786,2368
3843,2369
3844,1897
3845,2370
3846,2156
3847,414
3848,2371
3847,2372
3849,2373
3850,1688
3851,1370
3852,2374
3853,2276
3854,2375
3855,2149
3856,2376
3857,2377
3858,1998
1268,2378
3859,1896
3860,19
971,2162
3861,2379
3862,2272
3863,1870
3864,2380
3865,1263
3866,1080
3867,802
3868,2381
3869,2382
3870,1080
3871,2383
3872,2384
3873,2385
3874,922
3875,2386
3876,2387
3877,2388
3878,2389
3879,2390
3880,1782
3881,2391
3882,2392
3883,2393
3884,1236
3885,2394
3886,2395
3887,2396
3888,2397
3889,2398
3890,2399
3891,532
3892,25
3893,2400
3894,2401
3895,2402
3896,1202
3897,2403
3898,108
3899,2404
3900,2405
3901,2406
3902,290
3903,4
3904,2407
3905,2408
3906,589
3907,2409
3563,2410
3908,97
3909,2034
3910,2208
3911,2411
3912,1897
3913,2412
3914,2071
3915,1793
3916,711
3917,1106
3918,1740
3919,2413
3920,1370
1571,2414
3921,2415
3922,1238
3923,2416
3924,2417
3925,2418
3926,2419
3927,2184
3928,2420
3929,2357
3930,1611
3931,2421
3932,1934
3933,1345
3934,2322
3935,839
3936,2422
3937,1279
3938,2423
3939,2164
3940,410
3941,2424
3942,2425
3943,2426
3597,2427
3944,2428
3945,2429
3946,2430
3947,2431
3948,2432
3949,899
3950,342
3951,1241
3952,2433
3953,2434
3954,2435
3112,1080
3955,1666
3956,1226
3957,2436
3958,474
3959,2437
3960,2438
3961,1916
3962,1760
3963,277
3964,532
3965,2378
3966,2439
3967,803
3968,732
3969,89
3970,2440
3971,1990
3971,2441
3972,2442
3973,2443
3974,859
3975,2102
3976,2444
3977,2445
3978,1764
3979,2446
3980,2447
3981,387
3982,2029
3983,2448
3984,1869
3985,2449
3986,899
3987,2185
3988,2450
3989,1772
3990,1776
3991,2255
3992,2451
3993,2452
3994,2453
3995,551
3996,964
3997,2454
3998,1690
3999,2455
4000,80
4001,2456
4002,2185
767,2457
4003,2458
4004,2459
4005,2460
4006,2461
4007,51
4008,2462
4009,2463
4010,1878
4011,2464
4012,2465
4013,2466
4014,2467
4015,2022
4016,2468
4017,2469
4018,2470
4019,2471
4020,1080
4021,2034
4022,2472
4023,634
4024,529
4025,743
4026,245
4027,1882
4028,2473
4029,2474
4030,329
4031,2116
4032,2423
4033,2398
4034,2475
4035,2476
528,2477
4036,2478
4037,61
4038,2479
4039,2480
4040,173
4041,1472
4042,755
4043,2481
4044,2111
4045,2029
4046,2482
4047,2483
4048,2211
4049,2229
4050,2484
4051,2485
4052,698
4053,2486
4054,2487
1696,40
4055,2031
4056,45
4057,2488
4058,2489
4059,300
4060,301
4061,1575
4062,51
4063,2490
4064,1080
4065,63
4066,1478
4067,1967
4068,1622
4069,2491
4070,2492
3917,2493
4071,2494
4072,913
4073,2452
4074,2495
4075,2155
4076,2496
4077,1262
4078,2497
4079,2498
4080,2358
4080,2499
4081,2500
4082,2501
4083,2184
4084,2502
4085,2503
4086,2504
4087,2505
4088,1828
189,405
4089,168
4090,2098
4091,2506
4092,2374
4093,2478
4094,933
4095,2507
4096,2508
4097,2509
4098,2510
4099,2040
4100,2511
4101,2512
4102,2513
4103,2294
4104,1949
4105,2514
4106,2111
4107,1769
4108,1129
4109,2515
4110,2171
4111,2377
4112,2516
4113,2517
4114,2518
4115,80
4116,2519
4117,642
4118,2520
775,2521
1879,2522
4119,2523
4120,1549
4121,23
4122,2225
4123,2524
4124,2525
4125,2526
3256,2527
4126,2528
4127,1014
4128,2529
4129,2530
4130,2531
4131,2532
4132,708
4133,2386
4134,2533
4135,2534
4136,2535
4137,1942
4138,2536
4139,1549
4140,2537
4141,390
4142,1080
4143,2538
4144,2539
4145,2540
4146,1238
4147,2541
4148,2542
4149,2444
1612,2543
4150,2235
4151,2544
4152,2545
4153,2315
4154,2546
4155,2547
4156,1593
4157,2175
4158,1724
4159,2456
4160,277
4161,1080
4162,2548
4163,414
4164,2549
4165,2550
4166,1026
89,1061
4167,2551
4168,2552
4169,2466
4170,2553
4171,1656
4172,63
4173,75
4174,2554
4175,405
4176,216
4177,2029
4178,66
4178,1922
4179,1080
4180,2053
4181,2555
4182,2556
4183,2041
4184,2557
4185,2558
4186,1378
4187,1462
4188,2559
4189,2560
4190,2128
4191,2561
4192,2433
4193,835
4194,2439
4195,2562
4196,292
4197,2563
4198,2564
4199,2565
4200,2566
4201,328
4202,2567
4203,2568
4204,2569
4205,1252
4201,2570
4206,45
1184,2571
4207,2572
4208,2573
4209,2574
4210,2575
4211,708
4212,2576
4213,2577
4214,2398
4215,2578
4216,1604
4217,2579
4218,2398
4219,969
4220,2542
4221,2580
4222,180
4223,277
4224,2581
4225,109
4226,1823
4227,10
4228,2582
4229,2583
4230,109
4231,2584
4232,2585
4233,2586
4234,2587
4235,1668
4235,2240
4236,2588
4237,2589
4238,639
4239,494
4240,2411
4241,1238
4242,2590
4243,2574
4244,2470
4245,2591
4246,2592
4247,2170
4248,2593
4249,2229
4250,1178
4251,1971
4252,944
4153,2315
4253,2594
4254,2595
4255,1080
4256,2596
4256,2597
4257,2598
4258,1907
4259,410
4260,638
4261,2599
2668,2600
4262,2153
4263,2601
4233,2308
4264,2602
4265,2603
4263,2372
4266,1589
4267,2604
4268,2605
4269,2389
4270,2606
4271,2607
4272,2608
4273,462
4274,2609
4275,2610
4276,1697
4277,2111
4278,1977
4279,2483
4280,90
4281,2491
4282,1895
4283,2611
4284,959
4285,2612
4286,1764
4287,1929
4288,2022
4289,2164
4290,24
4291,2613
4292,2614
4293,2615
4294,1080
4295,2616
4296,2617
4297,2618
4298,2529
4299,1707
4300,2619
4301,682
4302,2620
4303,682
4304,319
4305,1168
4306,2621
4307,94
4308,438
4309,2622
4310,438
4311,45
4312,2623
4313,2624
4314,2625
4315,2626
4316,2627
4317,2256
4318,1968
4319,2628
4320,1207
4321,286
4322,2629
4323,2336
4324,2630
4325,2631
4326,2155
4327,2170
4327,2172
4328,2632
4329,249
4330,2633
4331,364
4332,2634
4333,2635
4334,168
4335,2636
4336,2146
4337,2637
4338,2638
4339,2639
4340,2640
4341,2641
4342,1079
4343,2533
4344,2642
4345,1708
4346,278
4347,2643
4348,2644
4349,2618
4350,701
4351,1734
4352,2619
4353,119
4354,2645
4355,2646
4356,2267
4357,2647
4357,2365
4358,1080
4359,1025
4360,612
4361,328
4362,2648
4363,1208
4364,2649
4365,2650
1106,153
4366,2095
4367,61
4368,1080
4369,2651
4370,2652
4371,2653
4372,1131
4373,720
4372,173
4374,1080
4375,55
4376,2654
4377,2655
4378,2656
4379,2657
4380,2658
4381,2659
4382,2315
4383,2660
4384,2661
4385,2662
4386,2663
4387,2664
4388,696
4389,1395
4390,838
4391,2102
4252,2665
4392,2666
4393,335
4394,2667
4395,1966
4396,2460
4397,696
4398,415
4399,2585
4400,2668
4401,340
4402,2669
4403,2111
4404,2207
4405,1809
4406,2525
4407,2595
4408,1627
4409,2670
4410,2671
4411,312
4412,2672
4413,2673
4414,959
4415,2674
4416,2098
4417,2675
4418,2676
4419,2677
4420,2678
4421,2679
4422,2680
4423,1178
4423,1080
4424,2681
4425,2682
4426,2683
4427,2684
4428,2685
4429,2686
4430,1843
4431,2687
4432,2688
4433,2689
4434,2499
4435,1937
4436,969
4437,2288
4438,2690
4439,2691
4440,2692
4441,2693
4442,776
4443,2694
4444,2695
4445,2606
4446,2696
4447,438
4448,1884
4449,2697
4450,350
4451,1627
4452,2698
4453,2699
4454,2149
4455,1884
4456,2357
4457,1627
4458,543
4459,340
4460,2004
4461,887
4462,1589
4463,2700
4464,2701
4465,2702
4466,2703
4467,2704
4468,2705
4469,895
4470,855
4471,2706
4472,2707
4473,2708
4474,2516
4475,2709
4474,2397
4476,2591
4477,2710
4478,2711
4479,2407
4480,2712
4481,887
4482,2610
4483,2713
4484,2608
4485,2210
4486,2714
4487,494
4488,1607
4489,1992
4490,37
4491,2715
4492,2716
4493,2717
4494,1106
4495,997
4496,1470
4497,2535
4498,2718
4499,2502
4500,2719
3064,2720
4501,2721
4502,2722
4503,1810
4504,2723
4505,2724
4506,2725
4507,2048
4508,1832
4509,2726
4510,2727
4511,2728
4512,2729
4513,1685
4514,1968
1995,2730
4515,2690
4516,2731
4517,2732
4518,1845
4519,1467
4520,1080
4521,2733
4522,2035
4523,2734
4524,299
4525,388
4526,2613
4527,2735
4528,2736
4529,2737
4530,1014
4531,1105
4532,2738
4533,2739
4534,2740
4535,698
4536,2741
4537,119
4538,1881
4539,2004
4540,1489
4541,77
4542,1758
4543,1764
4544,2742
4545,2551
4546,2743
4546,73
4547,2618
4548,1074
2296,2744
4549,2745
4550,2746
4551,2202
4552,910
4553,2747
1101,2748
4554,2749
4555,2750
4556,292
4557,454
4558,2719
4559,642
4560,1238
4561,2751
4562,2752
4563,1164
4564,2569
4565,87
4566,2126
4567,2753
4568,2754
4569,2728
4570,2718
4571,2102
4572,2755
4573,146
4574,2172
4575,2756
4576,532
4577,2757
4578,2029
4579,2320
4580,2673
4581,2501
4582,2758
4583,329
4584,1440
4585,2759
4586,2760
4587,2761
4588,277
2105,2212
4589,2762
4590,2763
4591,2080
4592,2764
4593,2765
4594,996
4595,2766
4596,2767
4597,2768
4598,2769
4598,2770
4599,1444
4600,2771
4601,2772
4602,1080
4603,1271
4604,2229
4605,161
4606,2773
4607,2212
4608,1061
4609,2774
4610,2662
4611,2775
4612,2430
4613,2250
4614,2768
4373,1466
4615,2212
4616,282
4617,997
3172,752
4618,2776
4619,2777
4620,2778
4621,2779
4622,1440
1867,1061
4623,179
4624,109
4625,2780
4626,2781
4627,1766
4628,2782
4629,2783
4630,2229
4631,2784
4632,481
4633,1526
4634,1901
4635,1627
4636,2785
4637,2786
4638,597
4639,2787
4640,2568
4641,2788
4642,2789
4643,2202
4175,2790
4644,2791
4645,2792
4646,410
4647,2241
4648,1080
4649,2445
4650,2793
4651,2794
4652,795
4653,2554
4654,1080
4655,2795
4656,2796
4657,2074
4658,2778
4659,2797
4660,2298
4661,136
4662,2669
4663,2798
4664,2212
4665,589
4666,1188
4667,237
234,410
4668,1263
4669,1694
4670,2034
4671,228
4672,2799
4673,308
4674,2483
4675,803
4676,146
4677,1459
4678,2800
4679,2801
4680,2129
4681,2802
4682,1028
4683,1589
4684,2803
4685,191
4686,2804
4687,2805
4688,2806
4689,2807
4690,127
4691,2808
4692,899
4693,1665
4693,785
4694,2343
4695,2198
4696,2020
4697,832
4698,2809
4699,2800
4700,2810
4701,2366
4702,2811
4703,2812
4704,2232
4705,1526
4706,2080
4707,2813
4708,1061
4709,2529
4710,2113
4711,2068
4712,496
4713,2814
4714,1175
4715,146
4716,2770
4717,1236
4718,1267
4719,2815
4720,2126
4721,997
4722,701
4723,138
4724,2816
4725,2817
4726,1526
4531,197
4727,2188
4728,1697
4729,412
4730,815
4731,2818
4732,195
4733,1457
4734,2198
4735,2819
4736,2820
4737,2821
4738,51
4739,2597
4740,2822
4741,2314
4742,342
4743,2823
4744,2824
1294,40
4745,2825
4745,1627
4746,2826
4747,2827
4748,2828
4749,2829
4750,2117
4751,2466
4752,1289
4753,2089
4754,2411
4755,2029
4756,775
4757,228
4758,2830
4759,2831
4760,2445
4761,559
4762,484
4763,180
4764,2832
4765,698
4766,2833
4767,1913
4768,1028
4769,2635
4770,2462
4771,1378
4772,1390
4773,1759
4774,2834
4775,2835
4776,2836
12,2837
4777,109
4778,2838
4779,2743
4780,2440
4781,701
4782,2839
4783,2840
4784,2841
4785,2430
4786,2747
4787,2842
4788,2843
4789,2035
4790,2844
4791,1739
4792,2845
4793,620
4794,2846
4795,2847
4796,2848
4797,2102
4798,1757
4799,2849
4800,2850
4801,2851
4802,1025
4803,2689
4804,2160
4805,1954
4806,2852
4807,2853
4808,388
4809,2210
4810,2854
4811,2597
4812,1489
4813,2855
4814,308
4815,2237
4816,672
4817,244
4818,2075
4819,2155
4820,802
4821,12
4822,2856
4823,2424
4824,795
4825,2715
4826,1080
4827,2483
4828,2857
4829,2858
4830,2503
4831,969
4832,180
4833,2859
4834,2389
4495,2324
4835,28
4836,2860
4837,2861
4838,22
4839,1845
4840,2862
4841,2863
4842,2864
4843,2865
4844,1263
4845,2612
4846,418
4847,2866
4848,2867
4849,1931
4850,181
4851,2868
4852,2756
4853,1376
4854,2075
4855,2869
4856,1238
4857,2870
4858,2029
4859,2871
4860,2872
3257,2873
4861,1080
4862,1426
4863,2874
4864,155
4865,2875
4866,213
4867,1080
4868,2649
4869,2876
4870,2877
4871,2138
4872,2878
4873,915
2907,2879
4874,2669
4875,2880
4876,410
4877,2881
4878,2882
4879,2883
4880,2668
4881,2884
4882,2602
4883,2885
4884,2886
4885,1593
4886,2887
4887,2888
4888,1627
4889,2889
4890,2890
4891,1080
4892,2891
4893,2562
4894,2564
4895,2892
4896,2061
4897,2893
4898,380
4899,2455
4900,2053
4901,2229
4902,2894
4903,2222
4904,1976
4905,51
3591,150
4906,2895
4907,28
4908,2896
4909,2463
4910,2897
612,2848
4911,2898
